B00I5JJW1Q,Fashion Police Victor Perfume for Men(100 ml),http://www.amazon.in/Fragrances/b/ref=sd_allcat_beauty_fragrance/276-6718833-1247838?ie=UTF8&node=1374298031,Rs. 599.00,Fragranc,Elizabeth Arden,Fashion Police,http://ecx.images-amazon.com/images/I/41BRTigKBpL._AA160_.jpg,Rs. 599.00,self Colour,Beauty & Health,http://www.amazon.in/Fashion-Police-Victor-Perfume-Men/dp/B00I5JJW1Q/ref=sr_1_4/275-9715206-1097860?s=beauty&ie=UTF8&qid=1395126938&sr=1-4,[<a class="buyAction" href="/gp/offer-listing/B00I5JJW1Q/ref=dp_olp_0/275-9715206-1097860?ie=UTF8&amp;condition=all">these sellers</a>],Amazon.in: Buy Fashion Police Victor Perfume for Men(100 ml) Online at Best Price in India | Amazon Beauty Store,Buy Fashion Police Victor Perfume for Men(100 ml) at lowest price in India on Amazon.in. Check out Fashion Police Victor Perfume for Men(100 ml) reviews  ratings  features  specifications and browse more Beauty products online at best prices on Amazon.in.,None,<div class="bucket" id="productDescription"> <h2>Product Description</h2> <div class="content"> <h3 class="productDescriptionSource"></h3> <div class="productDescriptionWrapper">        The tempting fragrance will surely make your day as well as of everyone around you. The sensualizing and refreshing fragrance is just irresistible.              <div class="emptyClear"> </div> </div> </div> </div>,None,18:03:2014,None
B002Z13TKK,Elizabeth Arden Pretty EDP Spray  100ml,http://www.amazon.in/Fragrances/b/ref=sd_allcat_beauty_fragrance/276-6718833-1247838?ie=UTF8&node=1374298031,None,Fragranc,Elizabeth Arden,Fashion Police,http://ecx.images-amazon.com/images/I/41BRTigKBpL._AA160_.jpg,None,self Colour,Beauty & Health,http://www.amazon.in/Elizabeth-Arden-Pretty-Spray-100ml/dp/B002Z13TKK/ref=sr_1_8/275-9715206-1097860?s=beauty&ie=UTF8&qid=1395126938&sr=1-8,[<a href="/gp/help/seller/at-a-glance.html/275-9715206-1097860?ie=UTF8&amp;seller=A2NFQIUV2YGOLG">Fragume</a>],Amazon.in: Buy Elizabeth Arden Pretty EDP Spray  100ml Online at Best Price in India | Amazon Beauty Store,Buy Elizabeth Arden Pretty EDP Spray  100ml at lowest price in India on Amazon.in. Check out Elizabeth Arden Pretty EDP Spray  100ml reviews  ratings  features  specifications and browse more Beauty products online at best prices on Amazon.in.,None,<div class="bucket" id="productDescription"> <h2>Product Description</h2> <div class="content"> <h3 class="productDescriptionSource"></h3> <div class="productDescriptionWrapper">        Pretty Elizabeth Arden for women.Pretty seduces with its feminine concept  which rounds complete body and face care  as well as with floral juices created by perfumer Claude Dir of Givaudan. The fragrance opens with refreshing breezes of Italian mandarin and orange blossom mixed with peach juices. A heart is floral and gentle  created of petalia  starry jasmine  pink lily and peony  while base is soft and pleasant  composed of musk  Jacaranda wood and creamy amber.              <div class="emptyClear"> </div> </div> </div> </div>,None,18:03:2014,None
B0009OAI40,Elizabeth Arden Green Tea Scent Spray  100ml,http://www.amazon.in/Fragrances/b/ref=sd_allcat_beauty_fragrance/276-6718833-1247838?ie=UTF8&node=1374298031,None,Fragranc,Elizabeth Arden,Fashion Police,http://ecx.images-amazon.com/images/I/41BRTigKBpL._AA160_.jpg,None,self Colour,Beauty & Health,http://www.amazon.in/Elizabeth-Arden-Green-Scent-Spray/dp/B0009OAI40/ref=sr_1_1/275-9715206-1097860?s=beauty&ie=UTF8&qid=1395126938&sr=1-1,[<a href="/gp/help/seller/at-a-glance.html/275-9715206-1097860?ie=UTF8&amp;seller=A3ES9F57NVVRIK">MyLuckyScent</a>],Amazon.in: Buy Elizabeth Arden Green Tea Scent Spray  100ml Online at Best Price in India | Amazon Beauty Store,Buy Elizabeth Arden Green Tea Scent Spray  100ml at lowest price in India on Amazon.in. Check out Elizabeth Arden Green Tea Scent Spray  100ml reviews  ratings  features  specifications and browse more Beauty products online at best prices on Amazon.in.,None,<div class="bucket" id="productDescription"> <h2>Product Description</h2> <div class="content"> <h3 class="productDescriptionSource"></h3> <div class="productDescriptionWrapper">        Fragrance notes: Citrus lemon rhubarb peppermint oakmoss musk and amber. When applying any fragrance please consider that there are several factors which can affect the natural smell of your skin and in turn the way a scent smells on you. For instance your mood stress level age body chemistry  diet and current medications may all alter the scents you wear. Similarly factor such as dry or oily skin can even affect the amount of time a fragrance will last after being applied.              <div class="emptyClear"> </div> </div> </div> </div>,None,18:03:2014,None
B000C212QW,Elizabeth Arden Splendor Women Edt 100 ml.,http://www.amazon.in/Fragrances/b/ref=sd_allcat_beauty_fragrance/276-6718833-1247838?ie=UTF8&node=1374298031,None,Fragranc,Elizabeth Arden,Fashion Police,http://ecx.images-amazon.com/images/I/41BRTigKBpL._AA160_.jpg,None,self Colour,Beauty & Health,http://www.amazon.in/Elizabeth-Arden-Splendor-Women-Edt/dp/B000C212QW/ref=sr_1_9/275-9715206-1097860?s=beauty&ie=UTF8&qid=1395126938&sr=1-9,[<a href="/gp/help/seller/at-a-glance.html/275-9715206-1097860?ie=UTF8&amp;seller=A2NFQIUV2YGOLG">Fragume</a>],Amazon.in: Buy Elizabeth Arden Splendor Women Edt 100 ml. Online at Best Price in India | Amazon Beauty Store,Buy Elizabeth Arden Splendor Women Edt 100 ml. at lowest price in India on Amazon.in. Check out Elizabeth Arden Splendor Women Edt 100 ml. reviews  ratings  features  specifications and browse more Beauty products online at best prices on Amazon.in.,None,<div class="bucket" id="productDescription"> <h2>Product Description</h2> <div class="content"> <h3 class="productDescriptionSource"></h3> <div class="productDescriptionWrapper">        Design House: Elizabeth Arden  Year Introduced: 1998  Recommended Use: Evening  Recommended Use: Evening              <div class="emptyClear"> </div> </div> </div> </div>,None,18:03:2014,None
9790798695,Elizabeth Arden 5Th Avenue for Women  125ml,http://www.amazon.in/Fragrances/b/ref=sd_allcat_beauty_fragrance/276-6718833-1247838?ie=UTF8&node=1374298031,None,Fragranc,Elizabeth Arden,Fashion Police,http://ecx.images-amazon.com/images/I/41BRTigKBpL._AA160_.jpg,None,self Colour,Beauty & Health,http://www.amazon.in/Elizabeth-Arden-Avenue-Women-125ml/dp/9790798695/ref=sr_1_3/275-9715206-1097860?s=beauty&ie=UTF8&qid=1395126938&sr=1-3,[<a href="/gp/help/seller/at-a-glance.html/275-9715206-1097860?ie=UTF8&amp;seller=A2IT7998C8946H">Perfume Nation</a>],Amazon.in: Buy Elizabeth Arden 5Th Avenue for Women  125ml Online at Best Price in India | Amazon Beauty Store,Buy Elizabeth Arden 5Th Avenue for Women  125ml at lowest price in India on Amazon.in. Check out Elizabeth Arden 5Th Avenue for Women  125ml reviews  ratings  features  specifications and browse more Beauty products online at best prices on Amazon.in.,None,<div class="bucket" id="productDescription"> <h2>Product Description</h2> <div class="content"> <h3 class="productDescriptionSource"></h3> <div class="productDescriptionWrapper">        5TH AVENUE by Elizabeth Arden Eau De Parfum Spray 4.2 oz for WomenFeatures1) 5TH AVENUE by Elizabeth Arden Eau De Parfum Spray 4.2 oz for Women2) 5TH AVENUE by Elizabeth Arden for Women3) Eau De Parfum Spray 4.2 oz4) Packaging for this product may vary from that shown in the image above5) 100% Authentic Brand Name Merchandise!              <div class="emptyClear"> </div> </div> </div> </div>,None,18:03:2014,None
B004J0X7XO,Elizabeth Arden Pretty Hot Women Eau De Parfume Spray  100ml,http://www.amazon.in/Fragrances/b/ref=sd_allcat_beauty_fragrance/276-6718833-1247838?ie=UTF8&node=1374298031,None,Fragranc,Elizabeth Arden,Fashion Police,http://ecx.images-amazon.com/images/I/41BRTigKBpL._AA160_.jpg,None,self Colour,Beauty & Health,http://www.amazon.in/Elizabeth-Arden-Pretty-Women-Parfume/dp/B004J0X7XO/ref=sr_1_2/275-9715206-1097860?s=beauty&ie=UTF8&qid=1395126938&sr=1-2,[<a href="/gp/help/seller/at-a-glance.html/275-9715206-1097860?ie=UTF8&amp;seller=A29ZFTNVZHDXBZ">Route2Fashion</a>],Amazon.in: Buy Elizabeth Arden Pretty Hot Women Eau De Parfume Spray  100ml Online at Best Price in India | Amazon Beauty Store,Buy Elizabeth Arden Pretty Hot Women Eau De Parfume Spray  100ml at lowest price in India on Amazon.in. Check out Elizabeth Arden Pretty Hot Women Eau De Parfume Spray  100ml reviews  ratings  features  specifications and browse more Beauty products online at best prices on Amazon.in.,None,<div class="bucket" id="productDescription"> <h2>Product Description</h2> <div class="content"> <h3 class="productDescriptionSource"></h3> <div class="productDescriptionWrapper">        Light hearted. Happy a celebration of summer's simplicity and joy  this fragrance opens with sparkling fresh fruits that gradually unfold into rich florals at full bloom.              <div class="emptyClear"> </div> </div> </div> </div>,None,18:03:2014,None
B0084YC5FC,Elizabeth Arden Pretty  Eau de Parfum for Women  100ml,http://www.amazon.in/Fragrances/b/ref=sd_allcat_beauty_fragrance/276-6718833-1247838?ie=UTF8&node=1374298031,None,Fragranc,Elizabeth Arden,Fashion Police,http://ecx.images-amazon.com/images/I/41BRTigKBpL._AA160_.jpg,None,self Colour,Beauty & Health,http://www.amazon.in/Elizabeth-Arden-Pretty-Parfum-Women/dp/B0084YC5FC/ref=sr_1_14/275-9715206-1097860?s=beauty&ie=UTF8&qid=1395126938&sr=1-14,[<a href="/gp/help/seller/at-a-glance.html/275-9715206-1097860?ie=UTF8&amp;seller=A2NFQIUV2YGOLG">Fragume</a>],Amazon.in: Buy Elizabeth Arden Pretty Eau de Parfum for Women  100ml Online at Best Price in India | Amazon Beauty Store,Buy Elizabeth Arden Pretty Eau de Parfum for Women  100ml at lowest price in India on Amazon.in. Check out Elizabeth Arden Pretty Eau de Parfum for Women  100ml reviews  ratings  features  specifications and browse more Beauty products online at best prices on Amazon.in.,None,None,None,18:03:2014,None
B00CLC0ZVY,Elizabeth Arden 5Th Avenue Nyc  Eau de Parfum for Women  125ml,http://www.amazon.in/Fragrances/b/ref=sd_allcat_beauty_fragrance/276-6718833-1247838?ie=UTF8&node=1374298031,None,Fragranc,Elizabeth Arden,Fashion Police,http://ecx.images-amazon.com/images/I/41BRTigKBpL._AA160_.jpg,None,self Colour,Beauty & Health,http://www.amazon.in/Elizabeth-Arden-Avenue-Nyc-Parfum/dp/B00CLC0ZVY/ref=sr_1_19/275-9715206-1097860?s=beauty&ie=UTF8&qid=1395126938&sr=1-19,[<a href="/gp/help/seller/at-a-glance.html/275-9715206-1097860?ie=UTF8&amp;seller=A29ZFTNVZHDXBZ">Route2Fashion</a>],Amazon.in: Buy Elizabeth Arden 5Th Avenue Nyc Eau de Parfum for Women  125ml Online at Best Price in India | Amazon Beauty Store,Buy Elizabeth Arden 5Th Avenue Nyc Eau de Parfum for Women  125ml at lowest price in India on Amazon.in. Check out Elizabeth Arden 5Th Avenue Nyc Eau de Parfum for Women  125ml reviews  ratings  features  specifications and browse more Beauty products online at best prices on Amazon.in.,None,<div class="bucket" id="productDescription"> <h2>Product Description</h2> <div class="content"> <h3 class="productDescriptionSource"></h3> <div class="productDescriptionWrapper">        he beginning of the composition perfectly transmits energy pulse of New York  with a touch of sensuality introduced by the heart aroma. Juices of black currant intertwine with an exquisite bouquet of flowers (night blooming jasmine  plum blossom  peony) with scents complemented by the cozy  warm and sensual blend of notes in the base              <div class="emptyClear"> </div> </div> </div> </div>,None,18:03:2014,None
B0012RUL40,Mediterranean By Elizabeth Arden For Women 100 ml,http://www.amazon.in/Fragrances/b/ref=sd_allcat_beauty_fragrance/276-6718833-1247838?ie=UTF8&node=1374298031,None,Fragranc,Elizabeth Arden,Fashion Police,http://ecx.images-amazon.com/images/I/41BRTigKBpL._AA160_.jpg,None,self Colour,Beauty & Health,http://www.amazon.in/Mediterranean-Elizabeth-Arden-For-Women/dp/B0012RUL40/ref=sr_1_16/275-9715206-1097860?s=beauty&ie=UTF8&qid=1395126938&sr=1-16,[<a href="/gp/help/seller/at-a-glance.html/275-9715206-1097860?ie=UTF8&amp;seller=A22G8HZGXYSWPZ">Taha &amp; Bros.</a>],Amazon.in: Buy Mediterranean By Elizabeth Arden For Women 100 ml Online at Best Price in India | Amazon Beauty Store,Buy Mediterranean By Elizabeth Arden For Women 100 ml at lowest price in India on Amazon.in. Check out Mediterranean By Elizabeth Arden For Women 100 ml reviews  ratings  features  specifications and browse more Beauty products online at best prices on Amazon.in.,None,<div class="bucket" id="productDescription"> <h2>Product Description</h2> <div class="content"> <h3 class="productDescriptionSource"></h3> <div class="productDescriptionWrapper">        Design House: Elizabeth Arden  Year Introduced: 2007  Recommended Use: Evening  Recommended Use: Evening              <div class="emptyClear"> </div> </div> </div> </div>,None,18:03:2014,None
B00117PXSU,Elizabeth Arden Green Tea Tropical Eau De Toilette Spray for Women  100ml,http://www.amazon.in/Fragrances/b/ref=sd_allcat_beauty_fragrance/276-6718833-1247838?ie=UTF8&node=1374298031,None,Fragranc,Elizabeth Arden,Fashion Police,http://ecx.images-amazon.com/images/I/41BRTigKBpL._AA160_.jpg,None,self Colour,Beauty & Health,http://www.amazon.in/Elizabeth-Arden-Green-Tropical-Toilette/dp/B00117PXSU/ref=sr_1_18/275-9715206-1097860?s=beauty&ie=UTF8&qid=1395126938&sr=1-18,[<a href="/gp/help/seller/at-a-glance.html/275-9715206-1097860?ie=UTF8&amp;seller=A22G8HZGXYSWPZ">Taha &amp; Bros.</a>],Amazon.in: Buy Elizabeth Arden Green Tea Tropical Eau De Toilette Spray for Women  100ml Online at Best Price in India | Amazon Beauty Store,Buy Elizabeth Arden Green Tea Tropical Eau De Toilette Spray for Women  100ml at lowest price in India on Amazon.in. Check out Elizabeth Arden Green Tea Tropical Eau De Toilette Spray for Women  100ml reviews  ratings  features  specifications and browse more Beauty products online at best prices on Amazon.in.,None,<div class="bucket" id="productDescription"> <h2>Product Description</h2> <div class="content"> <h3 class="productDescriptionSource"></h3> <div class="productDescriptionWrapper">        Green Tea Tropical Elizabeth Arden for women.Green Tea Tropical by Elizabeth Arden is a Aromatic Fruity fragrance for women. Green Tea Tropical was launched in 2007. The nose behind this fragrance is Rodrigo Flores-Roux. Top notes are litchi and passion flower; middle notes are green tea  tea and magnolia; base notes are musk and tropical fruits.              <div class="emptyClear"> </div> </div> </div> </div>,None,18:03:2014,None
B007HUMIG0,Elizabeth Arden Green Tea Eau De Toilette for Women  100ml,http://www.amazon.in/Fragrances/b/ref=sd_allcat_beauty_fragrance/276-6718833-1247838?ie=UTF8&node=1374298031,None,Fragranc,Elizabeth Arden,Fashion Police,http://ecx.images-amazon.com/images/I/41BRTigKBpL._AA160_.jpg,None,self Colour,Beauty & Health,http://www.amazon.in/Elizabeth-Arden-Green-Toilette-Women/dp/B007HUMIG0/ref=sr_1_20/275-9715206-1097860?s=beauty&ie=UTF8&qid=1395126938&sr=1-20,[<a href="/gp/help/seller/at-a-glance.html/275-9715206-1097860?ie=UTF8&amp;seller=A2NFQIUV2YGOLG">Fragume</a>],Amazon.in: Buy Elizabeth Arden Green Tea Eau De Toilette for Women  100ml Online at Best Price in India | Amazon Beauty Store,Buy Elizabeth Arden Green Tea Eau De Toilette for Women  100ml at lowest price in India on Amazon.in. Check out Elizabeth Arden Green Tea Eau De Toilette for Women  100ml reviews  ratings  features  specifications and browse more Beauty products online at best prices on Amazon.in.,None,<div class="bucket" id="productDescription"> <h2>Product Description</h2> <div class="content"> <h3 class="productDescriptionSource"></h3> <div class="productDescriptionWrapper">        Design House: Elizabeth Arden  Year Introduced: 2011  Recommended Use: Casual  Recommended Use: Casual              <div class="emptyClear"> </div> </div> </div> </div>,None,18:03:2014,None
B000OABZTG,Elizabeth Arden 5th Avenue After 5 EDT for Women  125ml,http://www.amazon.in/Fragrances/b/ref=sd_allcat_beauty_fragrance/276-6718833-1247838?ie=UTF8&node=1374298031,None,Fragranc,Elizabeth Arden,Fashion Police,http://ecx.images-amazon.com/images/I/41BRTigKBpL._AA160_.jpg,None,self Colour,Beauty & Health,http://www.amazon.in/Elizabeth-Arden-Avenue-After-Women/dp/B000OABZTG/ref=sr_1_29/275-9715206-1097860?s=beauty&ie=UTF8&qid=1395126944&sr=1-29,[<a href="/gp/help/seller/at-a-glance.html/275-9715206-1097860?ie=UTF8&amp;seller=A29ZFTNVZHDXBZ">Route2Fashion</a>],Amazon.in: Buy Elizabeth Arden 5th Avenue After 5 EDT for Women  125ml Online at Best Price in India | Amazon Beauty Store,Buy Elizabeth Arden 5th Avenue After 5 EDT for Women  125ml at lowest price in India on Amazon.in. Check out Elizabeth Arden 5th Avenue After 5 EDT for Women  125ml reviews  ratings  features  specifications and browse more Beauty products online at best prices on Amazon.in.,None,<div class="bucket" id="productDescription"> <h2>Product Description</h2> <div class="content"> <h3 class="productDescriptionSource"></h3> <div class="productDescriptionWrapper">        Design House: Elizabeth Arden  Year Introduced: 2005  Recommended Use: Daytime  Recommended Use: Daytime              <div class="emptyClear"> </div> </div> </div> </div>,None,18:03:2014,None
B000GHVIU8,Elizabeth Arden 5th Avenue After 5 EDT for Women  75ml,http://www.amazon.in/Fragrances/b/ref=sd_allcat_beauty_fragrance/276-6718833-1247838?ie=UTF8&node=1374298031,Rs. 1 170.00,Fragranc,Elizabeth Arden,Fashion Police,http://ecx.images-amazon.com/images/I/41BRTigKBpL._AA160_.jpg,Rs. 1 170.00,self Colour,Beauty & Health,http://www.amazon.in/Elizabeth-Arden-Avenue-After-Women/dp/B000GHVIU8/ref=sr_1_30/275-9715206-1097860?s=beauty&ie=UTF8&qid=1395126944&sr=1-30,[<a class="buyAction" href="/gp/offer-listing/B000GHVIU8/ref=dp_olp_0/275-9715206-1097860?ie=UTF8&amp;condition=all">these sellers</a>],Amazon.in: Buy Elizabeth Arden 5th Avenue After 5 EDT for Women  75ml Online at Best Price in India | Amazon Beauty Store,Buy Elizabeth Arden 5th Avenue After 5 EDT for Women  75ml at lowest price in India on Amazon.in. Check out Elizabeth Arden 5th Avenue After 5 EDT for Women  75ml reviews  ratings  features  specifications and browse more Beauty products online at best prices on Amazon.in.,None,<div class="bucket" id="productDescription"> <h2>Product Description</h2> <div class="content"> <h3 class="productDescriptionSource"></h3> <div class="productDescriptionWrapper">        Elizabeth Arden lived by a fundamental mantra that a woman?s beauty must not just lay in a layer of makeup. She created an intelligent relationship between science and nature  through her range of beauty products  to help a woman take her natural assets to the notch of finesse. A classic  sensuous fragrance from the house of Elizabeth Arden 5Th Avenue  After Five Eau De Toilette (Women) reminds you that the night is still young. This misty  musky fragrance fills the air around you with energy and romance that makes you expect the unexpected. Elizabeth Arden After Five Perfume starts with top notes of honeysuckle  coriander  plum  and bergamot that lend a vibrant mix of fruity and spicy blast to it. A floral heart with a gracious blend of Indian lotus  jasmine  saffron  and lily-of-the-valley make it all the more passionate. At the base  this perfume turns all the more promising with birch  sandalwood and Tonka bean intertwined in a distinct manner              <div class="emptyClear"> </div> </div> </div> </div>,None,18:03:2014,None
B005EG3610,Elizabeth Arden 5th Avenue Gold EDT for Women  125ml,http://www.amazon.in/Fragrances/b/ref=sd_allcat_beauty_fragrance/276-6718833-1247838?ie=UTF8&node=1374298031,None,Fragranc,Elizabeth Arden,Fashion Police,http://ecx.images-amazon.com/images/I/41BRTigKBpL._AA160_.jpg,None,self Colour,Beauty & Health,http://www.amazon.in/Elizabeth-Arden-Avenue-Women-125ml/dp/B005EG3610/ref=sr_1_32/275-9715206-1097860?s=beauty&ie=UTF8&qid=1395126944&sr=1-32,[<a href="/gp/help/seller/at-a-glance.html/275-9715206-1097860?ie=UTF8&amp;seller=A2NFQIUV2YGOLG">Fragume</a>],Amazon.in: Buy Elizabeth Arden 5th Avenue Gold EDT for Women  125ml Online at Best Price in India | Amazon Beauty Store,Buy Elizabeth Arden 5th Avenue Gold EDT for Women  125ml at lowest price in India on Amazon.in. Check out Elizabeth Arden 5th Avenue Gold EDT for Women  125ml reviews  ratings  features  specifications and browse more Beauty products online at best prices on Amazon.in.,None,<div class="bucket" id="productDescription"> <h2>Product Description</h2> <div class="content"> <h3 class="productDescriptionSource"></h3> <div class="productDescriptionWrapper">        It is the gleaming pendant set against the black velvet of your evening gown. It is the rising sun peeping at you from between two buildings  tickling your arm with its warmth and nourishment. It is the rainbow glow on the bubbles in your flute of clean straw-coloured champagne. It is 5th Avenue Gold. This flanker for the original 5th Avenue is lighter  a little sweeter and very subtle. 5th Avenue Gold begins with a pared down combination of bergamot  mandarin and lily of the valley  adds a guava note to the essential heart of iris  jasmine  and rose  and finally allow you to feel its weight in your hand through a sensual base note of musk.              <div class="emptyClear"> </div> </div> </div> </div>,None,18:03:2014,None
B0020MM7IO,Elizabeth Arden 5TH AVENUE NIGHT Women Edt 125ML,http://www.amazon.in/Fragrances/b/ref=sd_allcat_beauty_fragrance/276-6718833-1247838?ie=UTF8&node=1374298031,None,Fragranc,Elizabeth Arden,Fashion Police,http://ecx.images-amazon.com/images/I/41BRTigKBpL._AA160_.jpg,None,self Colour,Beauty & Health,http://www.amazon.in/Elizabeth-Arden-AVENUE-NIGHT-Women/dp/B0020MM7IO/ref=sr_1_33/275-9715206-1097860?s=beauty&ie=UTF8&qid=1395126944&sr=1-33,[<a href="/gp/help/seller/at-a-glance.html/275-9715206-1097860?ie=UTF8&amp;seller=A3ES9F57NVVRIK">MyLuckyScent</a>],Amazon.in: Buy Elizabeth Arden 5TH AVENUE NIGHT Women Edt 125ML Online at Best Price in India | Amazon Beauty Store,Buy Elizabeth Arden 5TH AVENUE NIGHT Women Edt 125ML at lowest price in India on Amazon.in. Check out Elizabeth Arden 5TH AVENUE NIGHT Women Edt 125ML reviews  ratings  features  specifications and browse more Beauty products online at best prices on Amazon.in.,None,<div class="bucket" id="productDescription"> <h2>Product Description</h2> <div class="content"> <h3 class="productDescriptionSource"></h3> <div class="productDescriptionWrapper">        Design House: Elizabeth Arden  Year Introduced: 2008  Recommended Use: Daytime  Recommended Use: Daytime              <div class="emptyClear"> </div> </div> </div> </div>,None,18:03:2014,None
B0084YC322,Elizabeth Arden 5th Avenue Nights Women 125ML EDP,http://www.amazon.in/Fragrances/b/ref=sd_allcat_beauty_fragrance/276-6718833-1247838?ie=UTF8&node=1374298031,None,Fragranc,Elizabeth Arden,Fashion Police,http://ecx.images-amazon.com/images/I/41BRTigKBpL._AA160_.jpg,None,self Colour,Beauty & Health,http://www.amazon.in/Elizabeth-Arden-Avenue-Nights-Women/dp/B0084YC322/ref=sr_1_34/275-9715206-1097860?s=beauty&ie=UTF8&qid=1395126944&sr=1-34,[<a href="/gp/help/seller/at-a-glance.html/275-9715206-1097860?ie=UTF8&amp;seller=A2NFQIUV2YGOLG">Fragume</a>],Amazon.in: Buy Elizabeth Arden 5th Avenue Nights Women 125ML EDP Online at Best Price in India | Amazon Beauty Store,Buy Elizabeth Arden 5th Avenue Nights Women 125ML EDP at lowest price in India on Amazon.in. Check out Elizabeth Arden 5th Avenue Nights Women 125ML EDP reviews  ratings  features  specifications and browse more Beauty products online at best prices on Amazon.in.,None,None,None,18:03:2014,None
B0009OAI54,Elizabeth Arden 5th Avenue EDT for Women  125ml,http://www.amazon.in/Fragrances/b/ref=sd_allcat_beauty_fragrance/276-6718833-1247838?ie=UTF8&node=1374298031,None,Fragranc,Elizabeth Arden,Fashion Police,http://ecx.images-amazon.com/images/I/41BRTigKBpL._AA160_.jpg,None,self Colour,Beauty & Health,http://www.amazon.in/Elizabeth-Arden-Avenue-Women-125ml/dp/B0009OAI54/ref=sr_1_31/275-9715206-1097860?s=beauty&ie=UTF8&qid=1395126944&sr=1-31,[<a href="/gp/help/seller/at-a-glance.html/275-9715206-1097860?ie=UTF8&amp;seller=A3ES9F57NVVRIK">MyLuckyScent</a>],Amazon.in: Buy Elizabeth Arden 5th Avenue EDT for Women  125ml Online at Best Price in India | Amazon Beauty Store,Buy Elizabeth Arden 5th Avenue EDT for Women  125ml at lowest price in India on Amazon.in. Check out Elizabeth Arden 5th Avenue EDT for Women  125ml reviews  ratings  features  specifications and browse more Beauty products online at best prices on Amazon.in.,None,<div class="bucket" id="productDescription"> <h2>Product Description</h2> <div class="content"> <h3 class="productDescriptionSource"></h3> <div class="productDescriptionWrapper">        Design House: Elizabeth Arden  Year Introduced: 1996  Recommended Use: Daytime  Recommended Use: Daytime              <div class="emptyClear"> </div> </div> </div> </div>,None,18:03:2014,None
B001DDX0QY,Elizabeth Arden Beauty for Women  100ml,http://www.amazon.in/Fragrances/b/ref=sd_allcat_beauty_fragrance/276-6718833-1247838?ie=UTF8&node=1374298031,None,Fragranc,Elizabeth Arden,Fashion Police,http://ecx.images-amazon.com/images/I/41BRTigKBpL._AA160_.jpg,None,self Colour,Beauty & Health,http://www.amazon.in/Elizabeth-Arden-Beauty-Women-100ml/dp/B001DDX0QY/ref=sr_1_36/275-9715206-1097860?s=beauty&ie=UTF8&qid=1395126944&sr=1-36,[<a href="/gp/help/seller/at-a-glance.html/275-9715206-1097860?ie=UTF8&amp;seller=A2NFQIUV2YGOLG">Fragume</a>],Amazon.in: Buy Elizabeth Arden Beauty for Women  100ml Online at Best Price in India | Amazon Beauty Store,Buy Elizabeth Arden Beauty for Women  100ml at lowest price in India on Amazon.in. Check out Elizabeth Arden Beauty for Women  100ml reviews  ratings  features  specifications and browse more Beauty products online at best prices on Amazon.in.,None,<div class="bucket" id="productDescription"> <h2>Product Description</h2> <div class="content"> <h3 class="productDescriptionSource"></h3> <div class="productDescriptionWrapper">        Beauty by Elizabeth Arden is a floral green fragrance for women. Arden Beauty was launched in 2002. The nose behind this fragrance is Antoine Lie. Top notes are iris  bergamot and rice flower; middle notes are orchid  ginger  rhubarb and lotus; base notes are sandalwood  amber and musk.              <div class="emptyClear"> </div> </div> </div> </div>,None,18:03:2014,None
B0038ZWTD0,Elizabeth Arden 5TH AVENUE Style Women Edp 125ML,http://www.amazon.in/Fragrances/b/ref=sd_allcat_beauty_fragrance/276-6718833-1247838?ie=UTF8&node=1374298031,None,Fragranc,Elizabeth Arden,Fashion Police,http://ecx.images-amazon.com/images/I/41BRTigKBpL._AA160_.jpg,None,self Colour,Beauty & Health,http://www.amazon.in/Elizabeth-Arden-AVENUE-Style-Women/dp/B0038ZWTD0/ref=sr_1_35/275-9715206-1097860?s=beauty&ie=UTF8&qid=1395126944&sr=1-35,[<a href="/gp/help/seller/at-a-glance.html/275-9715206-1097860?ie=UTF8&amp;seller=A2NFQIUV2YGOLG">Fragume</a>],Amazon.in: Buy Elizabeth Arden 5TH AVENUE Style Women Edp 125ML Online at Best Price in India | Amazon Beauty Store,Buy Elizabeth Arden 5TH AVENUE Style Women Edp 125ML at lowest price in India on Amazon.in. Check out Elizabeth Arden 5TH AVENUE Style Women Edp 125ML reviews  ratings  features  specifications and browse more Beauty products online at best prices on Amazon.in.,None,<div class="bucket" id="productDescription"> <h2>Product Description</h2> <div class="content"> <h3 class="productDescriptionSource"></h3> <div class="productDescriptionWrapper">        Design House: Elizabeth Arden  Year Introduced: 2009  Recommended Use: Casual  Recommended Use: Casual              <div class="emptyClear"> </div> </div> </div> </div>,None,18:03:2014,None
B001TM6IVI,Elizabeth Arden Elizabeth Arden Green Tea Scent Spray 1.7 Oz - 1.7 oz,http://www.amazon.in/Fragrances/b/ref=sd_allcat_beauty_fragrance/276-6718833-1247838?ie=UTF8&node=1374298031,Rs. 1 750.00,Fragranc,Elizabeth Arden,Fashion Police,http://ecx.images-amazon.com/images/I/41BRTigKBpL._AA160_.jpg,Rs. 1 750.00,self Colour,Beauty & Health,http://www.amazon.in/Elizabeth-Arden-Green-Scent-Spray/dp/B001TM6IVI/ref=sr_1_39/275-9715206-1097860?s=beauty&ie=UTF8&qid=1395126944&sr=1-39,[<a class="buyAction" href="/gp/offer-listing/B001TM6IVI/ref=dp_olp_0/275-9715206-1097860?ie=UTF8&amp;condition=all">these sellers</a>],Amazon.in: Buy Elizabeth Arden Elizabeth Arden Green Tea Scent Spray 1.7 Oz - 1.7 oz Online at Best Price in India | Amazon Beauty Store,Buy Elizabeth Arden Elizabeth Arden Green Tea Scent Spray 1.7 Oz - 1.7 oz at lowest price in India on Amazon.in. Check out Elizabeth Arden Elizabeth Arden Green Tea Scent Spray 1.7 Oz - 1.7 oz reviews  ratings  features  specifications and browse more Beauty products online at best prices on Amazon.in.,None,None,None,18:03:2014,None
B001QTW44E,Elizabeth Arden Fifth Avenue After Five,http://www.amazon.in/Fragrances/b/ref=sd_allcat_beauty_fragrance/276-6718833-1247838?ie=UTF8&node=1374298031,Rs. 2 690.00,Fragranc,Elizabeth Arden,Fashion Police,http://ecx.images-amazon.com/images/I/41BRTigKBpL._AA160_.jpg,Rs. 2 690.00,self Colour,Beauty & Health,http://www.amazon.in/Elizabeth-Arden-Fifth-Avenue-After/dp/B001QTW44E/ref=sr_1_40/275-9715206-1097860?s=beauty&ie=UTF8&qid=1395126944&sr=1-40,[<a class="buyAction" href="/gp/offer-listing/B001QTW44E/ref=dp_olp_0/275-9715206-1097860?ie=UTF8&amp;condition=all">these sellers</a>],Amazon.in: Buy Elizabeth Arden Fifth Avenue After Five Online at Best Price in India | Amazon Beauty Store,Buy Elizabeth Arden Fifth Avenue After Five at lowest price in India on Amazon.in. Check out Elizabeth Arden Fifth Avenue After Five reviews  ratings  features  specifications and browse more Beauty products online at best prices on Amazon.in.,None,<div class="bucket" id="productDescription"> <h2>Product Description</h2> <div class="content"> <h3 class="productDescriptionSource"></h3> <div class="productDescriptionWrapper">        5th Avenue after five is a sheer oriental perfume. Incredibly sensual and totally unexpected it has top notes of luscious and silky nectar of ripe black plum with hints of bergamot and coriander wrapped in golden honeysuckle.              <div class="emptyClear"> </div> </div> </div> </div>,None,18:03:2014,None
B001QTW45S,Elizabeth Arden Green Tea Eau De Parfum Spray Tester for Women  100ml,http://www.amazon.in/Fragrances/b/ref=sd_allcat_beauty_fragrance/276-6718833-1247838?ie=UTF8&node=1374298031,Rs. 1 649.00,Fragranc,Elizabeth Arden,Fashion Police,http://ecx.images-amazon.com/images/I/41BRTigKBpL._AA160_.jpg,Rs. 1 649.00,self Colour,Beauty & Health,http://www.amazon.in/Elizabeth-Arden-Green-Parfum-Tester/dp/B001QTW45S/ref=sr_1_42/275-9715206-1097860?s=beauty&ie=UTF8&qid=1395126944&sr=1-42,[<a class="buyAction" href="/gp/offer-listing/B001QTW45S/ref=dp_olp_0/275-9715206-1097860?ie=UTF8&amp;condition=all">these sellers</a>],Amazon.in: Buy Elizabeth Arden Green Tea Eau De Parfum Spray Tester for Women  100ml Online at Best Price in India | Amazon Beauty Store,Buy Elizabeth Arden Green Tea Eau De Parfum Spray Tester for Women  100ml at lowest price in India on Amazon.in. Check out Elizabeth Arden Green Tea Eau De Parfum Spray Tester for Women  100ml reviews  ratings  features  specifications and browse more Beauty products online at best prices on Amazon.in.,None,<div class="bucket" id="productDescription"> <h2>Product Description</h2> <div class="content"> <h3 class="productDescriptionSource"></h3> <div class="productDescriptionWrapper">        Launched by the design house of Elizabeth Arden in 1999  Green Tea by Elizabeth Arden possesses a blend of citrus lemon  rhubarb  peppermint  oakmoss  musk and amber. It is recommended for daytime wear. What is a Tester? A Tester is a perfume with no fancy packaging but with the same exact fragrance at an even better price. They are just like the one used to test the perfume in a department store but supplied in a plain box and often have the word tester printed on the bottle. Sometimes they do not come with a cap or box. These items are great for personal use but may not be great as gifts. Our testers are new unopened and have never been sprayed (Testers and unboxed product are exactly the same as the regular perfume  except testers usually come in a plain box--with or without a cap. Unboxed products are the perfume or bath product  only without the box.)              <div class="emptyClear"> </div> </div> </div> </div>,None,18:03:2014,None
B0028VM7CI,ELIZABETH ARDEN GREEN TEA LOTUS FOR WOMEN 100ML,http://www.amazon.in/Fragrances/b/ref=sd_allcat_beauty_fragrance/276-6718833-1247838?ie=UTF8&node=1374298031,None,Fragranc,Elizabeth Arden,Fashion Police,http://ecx.images-amazon.com/images/I/41BRTigKBpL._AA160_.jpg,None,self Colour,Beauty & Health,http://www.amazon.in/ELIZABETH-ARDEN-GREEN-LOTUS-WOMEN/dp/B0028VM7CI/ref=sr_1_48/275-9715206-1097860?s=beauty&ie=UTF8&qid=1395126944&sr=1-48,[<a href="/gp/help/seller/at-a-glance.html/275-9715206-1097860?ie=UTF8&amp;seller=A22G8HZGXYSWPZ">Taha &amp; Bros.</a>],Amazon.in: Buy ELIZABETH ARDEN GREEN TEA LOTUS FOR WOMEN 100ML Online at Best Price in India | Amazon Beauty Store,Buy ELIZABETH ARDEN GREEN TEA LOTUS FOR WOMEN 100ML at lowest price in India on Amazon.in. Check out ELIZABETH ARDEN GREEN TEA LOTUS FOR WOMEN 100ML reviews  ratings  features  specifications and browse more Beauty products online at best prices on Amazon.in.,None,<div class="bucket" id="productDescription"> <h2>Product Description</h2> <div class="content"> <h3 class="productDescriptionSource"></h3> <div class="productDescriptionWrapper">        Green Tea Lotus Elizabeth Arden for women. Green Tea Lotus was launched in 2008 as limited edition. It captures you with aroma of Asian lily  along with cherry blossom  yuzu and accords of plum. Characterized as tender  light and exotic  it greets you with plum (that symbolizes China  elegance and pureness)  cherry blossom (that reminds of transience of life and is a symbol of female beauty) and yuzu  Japanese citrus that smells similar to sweet pommel. The heart is composed of Asian lily  gracious lotus (a symbol of freedom and spiritual re-birth)  green tea and osmanthus              <div class="emptyClear"> </div> </div> </div> </div>,None,18:03:2014,None
B003HFFRFI,Elizabeth Arden Green Tea Lavender Eau De Toilette Spray for Women  100ml,http://www.amazon.in/Fragrances/b/ref=sd_allcat_beauty_fragrance/276-6718833-1247838?ie=UTF8&node=1374298031,None,Fragranc,Elizabeth Arden,Fashion Police,http://ecx.images-amazon.com/images/I/41BRTigKBpL._AA160_.jpg,None,self Colour,Beauty & Health,http://www.amazon.in/Elizabeth-Arden-Green-Lavender-Toilette/dp/B003HFFRFI/ref=sr_1_46/275-9715206-1097860?s=beauty&ie=UTF8&qid=1395126944&sr=1-46,[<a href="/gp/help/seller/at-a-glance.html/275-9715206-1097860?ie=UTF8&amp;seller=A22G8HZGXYSWPZ">Taha &amp; Bros.</a>],Amazon.in: Buy Elizabeth Arden Green Tea Lavender Eau De Toilette Spray for Women  100ml Online at Best Price in India | Amazon Beauty Store,Buy Elizabeth Arden Green Tea Lavender Eau De Toilette Spray for Women  100ml at lowest price in India on Amazon.in. Check out Elizabeth Arden Green Tea Lavender Eau De Toilette Spray for Women  100ml reviews  ratings  features  specifications and browse more Beauty products online at best prices on Amazon.in.,None,<div class="bucket" id="productDescription"> <h2>Product Description</h2> <div class="content"> <h3 class="productDescriptionSource"></h3> <div class="productDescriptionWrapper">        Fresh  relaxing  carefree  close your eyes and let yourself be transported to a place of peace and endless optimism. Purple waves of blossoms captivate the eye  while the scent of natural lavender awakens your spirit. Launched by a the design house of Elizabeth Arden in 2010.              <div class="emptyClear"> </div> </div> </div> </div>,None,18:03:2014,None
B0020MM7HK,Elizabeth Arden Mediterranean Breeze EDP Spray  100ml,http://www.amazon.in/Fragrances/b/ref=sd_allcat_beauty_fragrance/276-6718833-1247838?ie=UTF8&node=1374298031,None,Fragranc,Elizabeth Arden,Fashion Police,http://ecx.images-amazon.com/images/I/41BRTigKBpL._AA160_.jpg,None,self Colour,Beauty & Health,http://www.amazon.in/Elizabeth-Arden-Mediterranean-Breeze-Spray/dp/B0020MM7HK/ref=sr_1_51/275-9715206-1097860?s=beauty&ie=UTF8&qid=1395126949&sr=1-51,[<a href="/gp/help/seller/at-a-glance.html/275-9715206-1097860?ie=UTF8&amp;seller=A22G8HZGXYSWPZ">Taha &amp; Bros.</a>],Amazon.in: Buy Elizabeth Arden Mediterranean Breeze EDP Spray  100ml Online at Best Price in India | Amazon Beauty Store,Buy Elizabeth Arden Mediterranean Breeze EDP Spray  100ml at lowest price in India on Amazon.in. Check out Elizabeth Arden Mediterranean Breeze EDP Spray  100ml reviews  ratings  features  specifications and browse more Beauty products online at best prices on Amazon.in.,None,<div class="bucket" id="productDescription"> <h2>Product Description</h2> <div class="content"> <h3 class="productDescriptionSource"></h3> <div class="productDescriptionWrapper">        When applying any fragrance please consider that there are several factors which can affect the natural smell of your skin and in turn  the way a scent smells on you. For instance  your mood  stress level  age  body chemistry  diet and current medications may all alter the scents you wear. Similarly  factor such as dry or oily skin can even affect the amount of time a fragrance will last after being applied.              <div class="emptyClear"> </div> </div> </div> </div>,None,18:03:2014,None
B000GHYVB6,ELIZABETH ARDEN GREEN TEA INTENSE FOR WOMEN 75ML,http://www.amazon.in/Fragrances/b/ref=sd_allcat_beauty_fragrance/276-6718833-1247838?ie=UTF8&node=1374298031,None,Fragranc,Elizabeth Arden,Fashion Police,http://ecx.images-amazon.com/images/I/41BRTigKBpL._AA160_.jpg,None,self Colour,Beauty & Health,http://www.amazon.in/ELIZABETH-ARDEN-GREEN-INTENSE-WOMEN/dp/B000GHYVB6/ref=sr_1_45/275-9715206-1097860?s=beauty&ie=UTF8&qid=1395126944&sr=1-45,[<a href="/gp/help/seller/at-a-glance.html/275-9715206-1097860?ie=UTF8&amp;seller=A2NFQIUV2YGOLG">Fragume</a>],Amazon.in: Buy ELIZABETH ARDEN GREEN TEA INTENSE FOR WOMEN 75ML Online at Best Price in India | Amazon Beauty Store,Buy ELIZABETH ARDEN GREEN TEA INTENSE FOR WOMEN 75ML at lowest price in India on Amazon.in. Check out ELIZABETH ARDEN GREEN TEA INTENSE FOR WOMEN 75ML reviews  ratings  features  specifications and browse more Beauty products online at best prices on Amazon.in.,None,<div class="bucket" id="productDescription"> <h2>Product Description</h2> <div class="content"> <h3 class="productDescriptionSource"></h3> <div class="productDescriptionWrapper">        "Launched by the design house of Elizabeth Arden.When nbsp applying nbsp any fragrance please consider that there are several factors which can affect the natural smell of your skin and in turn the way a scent smells on you. nbsp For instance your mood stress level age body chemistry nbsp diet and current medications may all alter the scents you wear. nbsp nbsp Similarly factor such as dry or oily nbsp skin can even affect the amount of time a fragrance will last after being applied"              <div class="emptyClear"> </div> </div> </div> </div>,None,18:03:2014,None
B004IWDR9W,Elizabeth Arden Pretty Perfume EDP 100ml,http://www.amazon.in/Fragrances/b/ref=sd_allcat_beauty_fragrance/276-6718833-1247838?ie=UTF8&node=1374298031,Rs. 2 100.00,Fragranc,Elizabeth Arden,Fashion Police,http://ecx.images-amazon.com/images/I/41BRTigKBpL._AA160_.jpg,Rs. 2 100.00,self Colour,Beauty & Health,http://www.amazon.in/Elizabeth-Arden-Pretty-Perfume-100ml/dp/B004IWDR9W/ref=sr_1_55/275-9715206-1097860?s=beauty&ie=UTF8&qid=1395126949&sr=1-55,[<a class="buyAction" href="/gp/offer-listing/B004IWDR9W/ref=dp_olp_0/275-9715206-1097860?ie=UTF8&amp;condition=all">these sellers</a>],Amazon.in: Buy Elizabeth Arden Pretty Perfume EDP 100ml Online at Best Price in India | Amazon Beauty Store,Buy Elizabeth Arden Pretty Perfume EDP 100ml at lowest price in India on Amazon.in. Check out Elizabeth Arden Pretty Perfume EDP 100ml reviews  ratings  features  specifications and browse more Beauty products online at best prices on Amazon.in.,None,None,None,18:03:2014,None
B002HI54NG,Elizabeth Arden Provocative (W) Edp Spray 3.4 Oz (100 ml),http://www.amazon.in/Fragrances/b/ref=sd_allcat_beauty_fragrance/276-6718833-1247838?ie=UTF8&node=1374298031,Rs. 2 100.00,Fragranc,Elizabeth Arden,Fashion Police,http://ecx.images-amazon.com/images/I/41BRTigKBpL._AA160_.jpg,Rs. 2 100.00,self Colour,Beauty & Health,http://www.amazon.in/Elizabeth-Arden-Provocative-Edp-Spray/dp/B002HI54NG/ref=sr_1_56/275-9715206-1097860?s=beauty&ie=UTF8&qid=1395126949&sr=1-56,[<a class="buyAction" href="/gp/offer-listing/B002HI54NG/ref=dp_olp_0/275-9715206-1097860?ie=UTF8&amp;condition=all">these sellers</a>],Elizabeth Arden Provocative (W) Edp Spray 3.4 Oz (100 ml): Amazon.in: Beauty,Elizabeth Arden Provocative (W) Edp Spray 3.4 Oz (100 ml): Amazon.in: Beauty,None,<div class="bucket" id="productDescription"> <h2>Product Description</h2> <div class="content"> <h3 class="productDescriptionSource"></h3> <div class="productDescriptionWrapper">        · Brand : Provocative (W) · Type : Eau De Toilette · For women · Sensual fragance · Long lasting fragrance · Makes you feel fresh &amp; rejuvenated · Keeps your confidence up all day long · Posesses an interesting mix of ingredients including lilies  lotus  orchids and freesia  with traces of amber and sweet woods notes · Ideal for gifting purpose ·Perfect for a very feminine ans sensual woman who loves a fragrance that inspires her to be in the mood for romance              <div class="emptyClear"> </div> </div> </div> </div>,None,18:03:2014,None
B003YGOT2C,Elizabeth Arden Green Tea Lotus Women EDT  100ml,http://www.amazon.in/Fragrances/b/ref=sd_allcat_beauty_fragrance/276-6718833-1247838?ie=UTF8&node=1374298031,Rs. 1 465.00,Fragranc,Elizabeth Arden,Fashion Police,http://ecx.images-amazon.com/images/I/41BRTigKBpL._AA160_.jpg,Rs. 1 465.00,self Colour,Beauty & Health,http://www.amazon.in/Elizabeth-Arden-Green-Lotus-Women/dp/B003YGOT2C/ref=sr_1_49/275-9715206-1097860?s=beauty&ie=UTF8&qid=1395126949&sr=1-49,[<a class="buyAction" href="/gp/offer-listing/B003YGOT2C/ref=dp_olp_0/275-9715206-1097860?ie=UTF8&amp;condition=all">these sellers</a>],Amazon.in: Buy Elizabeth Arden Green Tea Lotus Women EDT  100ml Online at Best Price in India | Amazon Beauty Store,Buy Elizabeth Arden Green Tea Lotus Women EDT  100ml at lowest price in India on Amazon.in. Check out Elizabeth Arden Green Tea Lotus Women EDT  100ml reviews  ratings  features  specifications and browse more Beauty products online at best prices on Amazon.in.,None,<div class="bucket" id="productDescription"> <h2>Product Description</h2> <div class="content"> <h3 class="productDescriptionSource"></h3> <div class="productDescriptionWrapper">        Elizabeth Arden ? the brand  has an uncompromising vision to create absolutely the best beauty products that not covered but benefited the feminine skin and body. Elizabeth Arden Green Tea Lotus Eau De Toilette (Women) is one such attempt to make the female skin look younger  while keeping it fresh and unharmed. Launched in 2008  as limited edition  Green Tea Lotus had the nose of Rodrigo Flores-Roux behind capturing its fragrance. This perfume blends Asian lily  cherry blossom  yuzu and fruity accords of plum to offer a fresh and reviving aroma. Tender and light  this exotic fragrance greets you with lily  gracious lotus  green tea and osmanthus at the heart. The base notes comprise of musk and white birch to contribute a sensuous  woodsy essence.              <div class="emptyClear"> </div> </div> </div> </div>,None,18:03:2014,None
B000P20QD4,ELIZABETH ARDEN PROVOCATIVE FOR WOMEN 100ML,http://www.amazon.in/Fragrances/b/ref=sd_allcat_beauty_fragrance/276-6718833-1247838?ie=UTF8&node=1374298031,Rs. 2 250.00,Fragranc,Elizabeth Arden,Fashion Police,http://ecx.images-amazon.com/images/I/41BRTigKBpL._AA160_.jpg,Rs. 2 250.00,self Colour,Beauty & Health,http://www.amazon.in/ELIZABETH-ARDEN-PROVOCATIVE-WOMEN-100ML/dp/B000P20QD4/ref=sr_1_58/275-9715206-1097860?s=beauty&ie=UTF8&qid=1395126949&sr=1-58,[<a class="buyAction" href="/gp/offer-listing/B000P20QD4/ref=dp_olp_0/275-9715206-1097860?ie=UTF8&amp;condition=all">these sellers</a>],Amazon.in: Buy ELIZABETH ARDEN PROVOCATIVE FOR WOMEN 100ML Online at Best Price in India | Amazon Beauty Store,Buy ELIZABETH ARDEN PROVOCATIVE FOR WOMEN 100ML at lowest price in India on Amazon.in. Check out ELIZABETH ARDEN PROVOCATIVE FOR WOMEN 100ML reviews  ratings  features  specifications and browse more Beauty products online at best prices on Amazon.in.,None,<div class="bucket" id="productDescription"> <h2>Product Description</h2> <div class="content"> <h3 class="productDescriptionSource"></h3> <div class="productDescriptionWrapper">        Provocative woman Elizabeth Arden for women.Catherine Zeta-Jones' seductive walk and beauty were an inspiration to creators of this exciting and egzotic new fragrance from the house of Elizabeth Arden. Top notes include quince  water lotus  and ginger lily. Heart note is composed of midnight orchid  papaya blossom and pink freesia. Base notes are white sand notes  Hinoki wood and red amber. Provocative woman was launched in 2004. Provocative woman was created by Jean-Marc Chaillan and Loc Dong.              <div class="emptyClear"> </div> </div> </div> </div>,None,18:03:2014,None
B0009OAI1I,ELIZABETH ARDEN RED DOOR FOR WOMEN 100ML,http://www.amazon.in/Fragrances/b/ref=sd_allcat_beauty_fragrance/276-6718833-1247838?ie=UTF8&node=1374298031,None,Fragranc,Elizabeth Arden,Fashion Police,http://ecx.images-amazon.com/images/I/41BRTigKBpL._AA160_.jpg,None,self Colour,Beauty & Health,http://www.amazon.in/ELIZABETH-ARDEN-DOOR-WOMEN-100ML/dp/B0009OAI1I/ref=sr_1_64/275-9715206-1097860?s=beauty&ie=UTF8&qid=1395126949&sr=1-64,[<a href="/gp/help/seller/at-a-glance.html/275-9715206-1097860?ie=UTF8&amp;seller=A22G8HZGXYSWPZ">Taha &amp; Bros.</a>],Amazon.in: Buy ELIZABETH ARDEN RED DOOR FOR WOMEN 100ML Online at Best Price in India | Amazon Beauty Store,Buy ELIZABETH ARDEN RED DOOR FOR WOMEN 100ML at lowest price in India on Amazon.in. Check out ELIZABETH ARDEN RED DOOR FOR WOMEN 100ML reviews  ratings  features  specifications and browse more Beauty products online at best prices on Amazon.in.,None,<div class="bucket" id="productDescription"> <h2>Product Description</h2> <div class="content"> <h3 class="productDescriptionSource"></h3> <div class="productDescriptionWrapper">        Red Door Elizabeth Arden for women. Created in1989  Red Door is a classic  elegant signature fragrance  a symbol of glamour and luxury  inspired by the famous Red Door Spa center. It opens with ylang-ylang and red rose  at its heart; orchid  jasmine  lily-of-the valley  orange blossom  wild violet and freesia. The base is composed of honey  sandalwood and vetiver. The nose behind this fragrance is Carlos Benaim.              <div class="emptyClear"> </div> </div> </div> </div>,None,18:03:2014,None
B000XE7Q64,Elizabeth Arden Sunflowers EDT for Women  100ml,http://www.amazon.in/Fragrances/b/ref=sd_allcat_beauty_fragrance/276-6718833-1247838?ie=UTF8&node=1374298031,None,Fragranc,Elizabeth Arden,Fashion Police,http://ecx.images-amazon.com/images/I/41BRTigKBpL._AA160_.jpg,None,self Colour,Beauty & Health,http://www.amazon.in/Elizabeth-Arden-Sunflowers-Women-100ml/dp/B000XE7Q64/ref=sr_1_5/275-9715206-1097860?s=beauty&ie=UTF8&qid=1395126938&sr=1-5,[<a href="/gp/help/seller/at-a-glance.html/275-9715206-1097860?ie=UTF8&amp;seller=A2NFQIUV2YGOLG">Fragume</a>],Amazon.in: Buy Elizabeth Arden Sunflowers EDT for Women  100ml Online at Best Price in India | Amazon Beauty Store,Buy Elizabeth Arden Sunflowers EDT for Women  100ml at lowest price in India on Amazon.in. Check out Elizabeth Arden Sunflowers EDT for Women  100ml reviews  ratings  features  specifications and browse more Beauty products online at best prices on Amazon.in.,None,<div class="bucket" id="productDescription"> <h2>Product Description</h2> <div class="content"> <h3 class="productDescriptionSource"></h3> <div class="productDescriptionWrapper">        Sunflowers Elizabeth Arden for women. Floral fruity fragrance launched in 1993. It was designed by David Apel. The top notes are composed of luminous lemon notes  rosewood  orange blossom  sweet juicy mandarin  bergamot  melon and sweet peach. The heart brings notes of cyclamen  rose  pure jasmine  osmanthus and iris root. The sensual base is composed of musk  cedar  amber  moss and sandal wood.              <div class="emptyClear"> </div> </div> </div> </div>,None,18:03:2014,None
B001KBYDCE,Elizabeth Arden Sunflowers Eau De Toilette Spray Tester for Women  100ml,http://www.amazon.in/Fragrances/b/ref=sd_allcat_beauty_fragrance/276-6718833-1247838?ie=UTF8&node=1374298031,Rs. 1 649.00,Fragranc,Elizabeth Arden,Fashion Police,http://ecx.images-amazon.com/images/I/41BRTigKBpL._AA160_.jpg,Rs. 1 649.00,self Colour,Beauty & Health,http://www.amazon.in/Elizabeth-Arden-Sunflowers-Toilette-Tester/dp/B001KBYDCE/ref=sr_1_67/275-9715206-1097860?s=beauty&ie=UTF8&qid=1395126949&sr=1-67,[<a class="buyAction" href="/gp/offer-listing/B001KBYDCE/ref=dp_olp_0/275-9715206-1097860?ie=UTF8&amp;condition=all">these sellers</a>],Amazon.in: Buy Elizabeth Arden Sunflowers Eau De Toilette Spray Tester for Women  100ml Online at Best Price in India | Amazon Beauty Store,Buy Elizabeth Arden Sunflowers Eau De Toilette Spray Tester for Women  100ml at lowest price in India on Amazon.in. Check out Elizabeth Arden Sunflowers Eau De Toilette Spray Tester for Women  100ml reviews  ratings  features  specifications and browse more Beauty products online at best prices on Amazon.in.,None,<div class="bucket" id="productDescription"> <h2>Product Description</h2> <div class="content"> <h3 class="productDescriptionSource"></h3> <div class="productDescriptionWrapper">        Launched by the design house of Elizabeth Arden in 1993  Sunflowers by Elizabeth Arden possesses a blend of rose  cedar  lemon  musk  moss  amber  mandarin and jasmine. It is recommended for evening wear. What is a Tester? A Tester is a perfume with no fancy packaging but with the same exact fragrance at an even better price. They are just like the one used to test the perfume in a department store but supplied in a plain box and often have the word tester printed on the bottle. Sometimes they do not come with a cap or box. These items are great for personal use but may not be great as gifts. Our testers are new unopened and have never been sprayed (Testers and unboxed product are exactly the same as the regular perfume  except testers usually come in a plain box--with or without a cap. Unboxed products are the perfume or bath product  only without the box.)              <div class="emptyClear"> </div> </div> </div> </div>,None,18:03:2014,None
B0009OAISQ,Elizabeth Arden True Love EDT for Women  100ml,http://www.amazon.in/Fragrances/b/ref=sd_allcat_beauty_fragrance/276-6718833-1247838?ie=UTF8&node=1374298031,None,Fragranc,Elizabeth Arden,Fashion Police,http://ecx.images-amazon.com/images/I/41BRTigKBpL._AA160_.jpg,None,self Colour,Beauty & Health,http://www.amazon.in/Elizabeth-Arden-True-Women-100ml/dp/B0009OAISQ/ref=sr_1_70/275-9715206-1097860?s=beauty&ie=UTF8&qid=1395126949&sr=1-70,[<a href="/gp/help/seller/at-a-glance.html/275-9715206-1097860?ie=UTF8&amp;seller=A2NFQIUV2YGOLG">Fragume</a>],Amazon.in: Buy Elizabeth Arden True Love EDT for Women  100ml Online at Best Price in India | Amazon Beauty Store,Buy Elizabeth Arden True Love EDT for Women  100ml at lowest price in India on Amazon.in. Check out Elizabeth Arden True Love EDT for Women  100ml reviews  ratings  features  specifications and browse more Beauty products online at best prices on Amazon.in.,None,<div class="bucket" id="productDescription"> <h2>Product Description</h2> <div class="content"> <h3 class="productDescriptionSource"></h3> <div class="productDescriptionWrapper">        Design House: Elizabeth Arden  Year Introduced: 1994  Recommended Use: Daytime  Recommended Use: Daytime              <div class="emptyClear"> </div> </div> </div> </div>,None,18:03:2014,None
B009Q0ER1S,Elizabeth Arden Red Door Aura Eau De Toilette Spray for Women  100ml,http://www.amazon.in/Fragrances/b/ref=sd_allcat_beauty_fragrance/276-6718833-1247838?ie=UTF8&node=1374298031,None,Fragranc,Elizabeth Arden,Fashion Police,http://ecx.images-amazon.com/images/I/41BRTigKBpL._AA160_.jpg,None,self Colour,Beauty & Health,http://www.amazon.in/Elizabeth-Arden-Toilette-Spray-Women/dp/B009Q0ER1S/ref=sr_1_62/275-9715206-1097860?s=beauty&ie=UTF8&qid=1395126949&sr=1-62,[<a href="/gp/help/seller/at-a-glance.html/275-9715206-1097860?ie=UTF8&amp;seller=A29ZFTNVZHDXBZ">Route2Fashion</a>],Amazon.in: Buy Elizabeth Arden Red Door Aura Eau De Toilette Spray for Women  100ml Online at Best Price in India | Amazon Beauty Store,Buy Elizabeth Arden Red Door Aura Eau De Toilette Spray for Women  100ml at lowest price in India on Amazon.in. Check out Elizabeth Arden Red Door Aura Eau De Toilette Spray for Women  100ml reviews  ratings  features  specifications and browse more Beauty products online at best prices on Amazon.in.,None,<div class="bucket" id="productDescription"> <h2>Product Description</h2> <div class="content"> <h3 class="productDescriptionSource"></h3> <div class="productDescriptionWrapper">        Introducing Red Door Aura  the vibrant new floral fragrance inspired by our luxurious classic Red Door. It takes a master perfumer to create a fragrance this luminous and sparkling while maintaining the elegant sensuality of our famous Red Door scent.              <div class="emptyClear"> </div> </div> </div> </div>,None,18:03:2014,None
B00AN66BU4,FIFTH AVENUE STYLE by Elizabeth Arden EAU DE PARFUM SPRAY 4.2 OZ,http://www.amazon.in/Fragrances/b/ref=sd_allcat_beauty_fragrance/276-6718833-1247838?ie=UTF8&node=1374298031,Rs. 2 030.00,Fragranc,Elizabeth Arden,Fashion Police,http://ecx.images-amazon.com/images/I/41BRTigKBpL._AA160_.jpg,Rs. 2 030.00,self Colour,Beauty & Health,http://www.amazon.in/FIFTH-AVENUE-Elizabeth-Arden-PARFUM/dp/B00AN66BU4/ref=sr_1_73/275-9715206-1097860?s=beauty&ie=UTF8&qid=1395126953&sr=1-73,[<a class="buyAction" href="/gp/offer-listing/B00AN66BU4/ref=dp_olp_0/275-9715206-1097860?ie=UTF8&amp;condition=all">these sellers</a>],Amazon.in: Buy FIFTH AVENUE STYLE by Elizabeth Arden EAU DE PARFUM SPRAY 4.2 OZ Online at Best Price in India | Amazon Beauty Store,Buy FIFTH AVENUE STYLE by Elizabeth Arden EAU DE PARFUM SPRAY 4.2 OZ at lowest price in India on Amazon.in. Check out FIFTH AVENUE STYLE by Elizabeth Arden EAU DE PARFUM SPRAY 4.2 OZ reviews  ratings  features  specifications and browse more Beauty products online at best prices on Amazon.in.,None,None,None,18:03:2014,None
B000C1Z4UI,Elizabeth Arden Provocative Eau De Parfum Spray for Women  100ml,http://www.amazon.in/Fragrances/b/ref=sd_allcat_beauty_fragrance/276-6718833-1247838?ie=UTF8&node=1374298031,None,Fragranc,Elizabeth Arden,Fashion Police,http://ecx.images-amazon.com/images/I/41BRTigKBpL._AA160_.jpg,None,self Colour,Beauty & Health,http://www.amazon.in/Elizabeth-Arden-Provocative-Parfum-Spray/dp/B000C1Z4UI/ref=sr_1_15/275-9715206-1097860?s=beauty&ie=UTF8&qid=1395126938&sr=1-15,[<a href="/gp/help/seller/at-a-glance.html/275-9715206-1097860?ie=UTF8&amp;seller=A3ES9F57NVVRIK">MyLuckyScent</a>],Amazon.in: Buy Elizabeth Arden Provocative Eau De Parfum Spray for Women  100ml Online at Best Price in India | Amazon Beauty Store,Buy Elizabeth Arden Provocative Eau De Parfum Spray for Women  100ml at lowest price in India on Amazon.in. Check out Elizabeth Arden Provocative Eau De Parfum Spray for Women  100ml reviews  ratings  features  specifications and browse more Beauty products online at best prices on Amazon.in.,None,<div class="bucket" id="productDescription"> <h2>Product Description</h2> <div class="content"> <h3 class="productDescriptionSource"></h3> <div class="productDescriptionWrapper">        Introduced in 2004. Fragrance notes: a sensual blend of lilies  lotus  orchids and freesia  with traces of amber and sweet woods. Recommended use: evening. When applying any fragrance please consider that there are several factors which can affect the natural smell of your skin and in turn  the way a scent smells on you. For instance  your mood  stress level  age  body chemistry  diet and current medications may all alter the scents you wear. Similarly  factor such as dry or oily skin can even affect the amount of time a fragrance will last after being applied.              <div class="emptyClear"> </div> </div> </div> </div>,None,18:03:2014,None
B00BGEWKFM,Red Door By Elizabeth Arden For Women Eau De Toilette Spray 3.3 Oz,http://www.amazon.in/Fragrances/b/ref=sd_allcat_beauty_fragrance/276-6718833-1247838?ie=UTF8&node=1374298031,Rs. 2 710.00,Fragranc,Elizabeth Arden,Fashion Police,http://ecx.images-amazon.com/images/I/41BRTigKBpL._AA160_.jpg,Rs. 2 710.00,self Colour,Beauty & Health,http://www.amazon.in/Elizabeth-Arden-Women-Toilette-Spray/dp/B00BGEWKFM/ref=sr_1_101/275-9715206-1097860?s=beauty&ie=UTF8&qid=1395126961&sr=1-101,[<a class="buyAction" href="/gp/offer-listing/B00BGEWKFM/ref=dp_olp_0/275-9715206-1097860?ie=UTF8&amp;condition=all">these sellers</a>],Amazon.in: Buy Red Door By Elizabeth Arden For Women Eau De Toilette Spray 3.3 Oz Online at Best Price in India | Amazon Beauty Store,Buy Red Door By Elizabeth Arden For Women Eau De Toilette Spray 3.3 Oz at lowest price in India on Amazon.in. Check out Red Door By Elizabeth Arden For Women Eau De Toilette Spray 3.3 Oz reviews  ratings  features  specifications and browse more Beauty products online at best prices on Amazon.in.,None,None,None,18:03:2014,None
B00AC2L4CE,Green Tea Summer Elizabeth Arden for women 100ml,http://www.amazon.in/Fragrances/b/ref=sd_allcat_beauty_fragrance/276-6718833-1247838?ie=UTF8&node=1374298031,None,Fragranc,Elizabeth Arden,Fashion Police,http://ecx.images-amazon.com/images/I/41BRTigKBpL._AA160_.jpg,None,self Colour,Beauty & Health,http://www.amazon.in/Green-Summer-Elizabeth-Arden-women/dp/B00AC2L4CE/ref=sr_1_89/275-9715206-1097860?s=beauty&ie=UTF8&qid=1395126953&sr=1-89,[<a href="/gp/help/seller/at-a-glance.html/275-9715206-1097860?ie=UTF8&amp;seller=A29ZFTNVZHDXBZ">Route2Fashion</a>],Amazon.in: Buy Green Tea Summer Elizabeth Arden for women 100ml Online at Best Price in India | Amazon Beauty Store,Buy Green Tea Summer Elizabeth Arden for women 100ml at lowest price in India on Amazon.in. Check out Green Tea Summer Elizabeth Arden for women 100ml reviews  ratings  features  specifications and browse more Beauty products online at best prices on Amazon.in.,None,<div class="bucket" id="productDescription"> <h2>Product Description</h2> <div class="content"> <h3 class="productDescriptionSource"></h3> <div class="productDescriptionWrapper">        Green Tea Summer Elizabeth Arden for women.Green Tea Summer by Elizabeth Arden is a Floral Fruity fragrance for women. Green Tea Summer was launched in 2005. Green Tea Summer was created by Rodrigo Flores-Roux and Claude Dir. Top notes are black currant  bergamot  tangerine and lemon; middle notes are cyclamen  passionfruit  water lily  watermelon and rose; base notes are musk  oakmoss and white amber.              <div class="emptyClear"> </div> </div> </div> </div>,None,18:03:2014,None
B001KBYDCY,Splendor by Elizabeth Arden Perfume for Women Eau de Parfum Spray  125ml,http://www.amazon.in/Fragrances/b/ref=sd_allcat_beauty_fragrance/276-6718833-1247838?ie=UTF8&node=1374298031,None,Fragranc,Elizabeth Arden,Fashion Police,http://ecx.images-amazon.com/images/I/41BRTigKBpL._AA160_.jpg,None,self Colour,Beauty & Health,http://www.amazon.in/Splendor-Elizabeth-Arden-Perfume-Parfum/dp/B001KBYDCY/ref=sr_1_108/275-9715206-1097860?s=beauty&ie=UTF8&qid=1395126961&sr=1-108,[<a href="/gp/help/seller/at-a-glance.html/275-9715206-1097860?ie=UTF8&amp;seller=A2NFQIUV2YGOLG">Fragume</a>],Amazon.in: Buy Splendor by Elizabeth Arden Perfume for Women Eau de Parfum Spray  125ml Online at Best Price in India | Amazon Beauty Store,Buy Splendor by Elizabeth Arden Perfume for Women Eau de Parfum Spray  125ml at lowest price in India on Amazon.in. Check out Splendor by Elizabeth Arden Perfume for Women Eau de Parfum Spray  125ml reviews  ratings  features  specifications and browse more Beauty products online at best prices on Amazon.in.,None,<div class="bucket" id="productDescription"> <h2>Product Description</h2> <div class="content"> <h3 class="productDescriptionSource"></h3> <div class="productDescriptionWrapper">        This feminine scent possesses a blend of water lily  magnolia  and white musk.entice everybody with splendor.              <div class="emptyClear"> </div> </div> </div> </div>,None,18:03:2014,None
B000S354CS,Splendor By Elizabeth Arden Womens Eau De Parfum (EDP) Spray 4.2 Oz,http://www.amazon.in/Fragrances/b/ref=sd_allcat_beauty_fragrance/276-6718833-1247838?ie=UTF8&node=1374298031,Rs. 1 995.00,Fragranc,Elizabeth Arden,Fashion Police,http://ecx.images-amazon.com/images/I/41BRTigKBpL._AA160_.jpg,Rs. 1 995.00,self Colour,Beauty & Health,http://www.amazon.in/Splendor-Elizabeth-Arden-Womens-Parfum/dp/B000S354CS/ref=sr_1_109/275-9715206-1097860?s=beauty&ie=UTF8&qid=1395126961&sr=1-109,[<a class="buyAction" href="/gp/offer-listing/B000S354CS/ref=dp_olp_0/275-9715206-1097860?ie=UTF8&amp;condition=all">these sellers</a>],Amazon.in: Buy Splendor By Elizabeth Arden Womens Eau De Parfum (EDP) Spray 4.2 Oz Online at Best Price in India | Amazon Beauty Store,Buy Splendor By Elizabeth Arden Womens Eau De Parfum (EDP) Spray 4.2 Oz at lowest price in India on Amazon.in. Check out Splendor By Elizabeth Arden Womens Eau De Parfum (EDP) Spray 4.2 Oz reviews  ratings  features  specifications and browse more Beauty products online at best prices on Amazon.in.,None,None,None,18:03:2014,None
B000C1Z4VM,Splendor Elizabeth Arden for women 100ml,http://www.amazon.in/Fragrances/b/ref=sd_allcat_beauty_fragrance/276-6718833-1247838?ie=UTF8&node=1374298031,None,Fragranc,Elizabeth Arden,Fashion Police,http://ecx.images-amazon.com/images/I/41BRTigKBpL._AA160_.jpg,None,self Colour,Beauty & Health,http://www.amazon.in/Splendor-Elizabeth-Arden-women-100ml/dp/B000C1Z4VM/ref=sr_1_110/275-9715206-1097860?s=beauty&ie=UTF8&qid=1395126961&sr=1-110,[<a href="/gp/help/seller/at-a-glance.html/275-9715206-1097860?ie=UTF8&amp;seller=A2NFQIUV2YGOLG">Fragume</a>],Amazon.in: Buy Splendor Elizabeth Arden for women 100ml Online at Best Price in India | Amazon Beauty Store,Buy Splendor Elizabeth Arden for women 100ml at lowest price in India on Amazon.in. Check out Splendor Elizabeth Arden for women 100ml reviews  ratings  features  specifications and browse more Beauty products online at best prices on Amazon.in.,None,<div class="bucket" id="productDescription"> <h2>Product Description</h2> <div class="content"> <h3 class="productDescriptionSource"></h3> <div class="productDescriptionWrapper">        Splendor Elizabeth Arden for women. Splendor by Elizabeth Arden is a Oriental Floral fragrance for women. Splendor was launched in 1998. The nose behind this fragrance is James Krivda. Top notes are pineapple  wisteria  freesia  peony  hiacynth  apple  sweet pea and bergamot; middle notes are magnolia  tea rose  lily  poppy  orchid  jasmine  lily-of-the-valley and rose; base notes are sandalwood  amber  dark woodsy notes  musk  cedar and brazilian rosewood.              <div class="emptyClear"> </div> </div> </div> </div>,None,18:03:2014,None
B000YPJ4RQ,True Love,http://www.amazon.in/Fragrances/b/ref=sd_allcat_beauty_fragrance/276-6718833-1247838?ie=UTF8&node=1374298031,Rs. 1 481.99,Fragranc,Elizabeth Arden,Fashion Police,http://ecx.images-amazon.com/images/I/41BRTigKBpL._AA160_.jpg,Rs. 1 481.99,self Colour,Beauty & Health,http://www.amazon.in/Elizabeth-Arden-Eli-3373-True-Love/dp/B000YPJ4RQ/ref=sr_1_114/275-9715206-1097860?s=beauty&ie=UTF8&qid=1395126961&sr=1-114,[<a class="buyAction" href="/gp/offer-listing/B000YPJ4RQ/ref=dp_olp_0/275-9715206-1097860?ie=UTF8&amp;condition=all">these sellers</a>],Amazon.in: Buy True Love Online at Best Price in India | Amazon Beauty Store,Buy True Love at lowest price in India on Amazon.in. Check out True Love reviews  ratings  features  specifications and browse more Beauty products online at best prices on Amazon.in.,None,<div class="bucket" id="productDescription"> <h2>Product Description</h2> <div class="content"> <h3 class="productDescriptionSource"></h3> <div class="productDescriptionWrapper">        True Love Perfume By Elizabeth Arden  Launched By The Design House Of Elizabeth Arden In 1994  True Love Is Classified As A Refreshing  Gentle  Floral Fragrance. This Feminine Scent Possesses A Blend Of Lotus  Iris And Jasmine. Accompanied By The Distinct              <div class="emptyClear"> </div> </div> </div> </div>,None,18:03:2014,None
B000C1Z4V2,Elizabeth Arden Red Door Revealed for Women  100ml,http://www.amazon.in/Fragrances/b/ref=sd_allcat_beauty_fragrance/276-6718833-1247838?ie=UTF8&node=1374298031,None,Fragranc,Elizabeth Arden,Fashion Police,http://ecx.images-amazon.com/images/I/41BRTigKBpL._AA160_.jpg,None,self Colour,Beauty & Health,http://www.amazon.in/Elizabeth-Arden-Revealed-Women-100ml/dp/B000C1Z4V2/ref=sr_1_65/275-9715206-1097860?s=beauty&ie=UTF8&qid=1395126949&sr=1-65,[<a href="/gp/help/seller/at-a-glance.html/275-9715206-1097860?ie=UTF8&amp;seller=A2NFQIUV2YGOLG">Fragume</a>],Amazon.in: Buy Elizabeth Arden Red Door Revealed for Women  100ml Online at Best Price in India | Amazon Beauty Store,Buy Elizabeth Arden Red Door Revealed for Women  100ml at lowest price in India on Amazon.in. Check out Elizabeth Arden Red Door Revealed for Women  100ml reviews  ratings  features  specifications and browse more Beauty products online at best prices on Amazon.in.,None,<div class="bucket" id="productDescription"> <h2>Product Description</h2> <div class="content"> <h3 class="productDescriptionSource"></h3> <div class="productDescriptionWrapper">        Design House: Elizabeth Arden  Year Introduced: 2003  Recommended Use: Romantic  Recommended Use: Romantic              <div class="emptyClear"> </div> </div> </div> </div>,None,18:03:2014,None
B009VXWOBK,Elizabeth Arden SUNFLOWERS Dream Petals Edt Women100ML,http://www.amazon.in/Fragrances/b/ref=sd_allcat_beauty_fragrance/276-6718833-1247838?ie=UTF8&node=1374298031,None,Fragranc,Elizabeth Arden,Fashion Police,http://ecx.images-amazon.com/images/I/41BRTigKBpL._AA160_.jpg,None,self Colour,Beauty & Health,http://www.amazon.in/Elizabeth-Arden-SUNFLOWERS-Petals-Women100ML/dp/B009VXWOBK/ref=sr_1_66/275-9715206-1097860?s=beauty&ie=UTF8&qid=1395126949&sr=1-66,[<a href="/gp/help/seller/at-a-glance.html/275-9715206-1097860?ie=UTF8&amp;seller=A2NFQIUV2YGOLG">Fragume</a>],Amazon.in: Buy Elizabeth Arden SUNFLOWERS Dream Petals Edt Women100ML Online at Best Price in India | Amazon Beauty Store,Buy Elizabeth Arden SUNFLOWERS Dream Petals Edt Women100ML at lowest price in India on Amazon.in. Check out Elizabeth Arden SUNFLOWERS Dream Petals Edt Women100ML reviews  ratings  features  specifications and browse more Beauty products online at best prices on Amazon.in.,None,<div class="bucket" id="productDescription"> <h2>Product Description</h2> <div class="content"> <h3 class="productDescriptionSource"></h3> <div class="productDescriptionWrapper">        Design House: Elizabeth Arden  Year Introduced: 2012                <div class="emptyClear"> </div> </div> </div> </div>,None,18:03:2014,None
