B00DRE3TUO,Nike Fission EDT for Men  Green  100ml,http://www.amazon.in/Fragrances/b/ref=sd_allcat_beauty_fragrance/276-6718833-1247838?ie=UTF8&node=1374298031,None,Fragranc,Nike,Paco Rabanne,http://ecx.images-amazon.com/images/I/41k8cnCtJBL._AA160_.jpg,None,self Colour,Beauty & Health,http://www.amazon.in/Nike-Fission-EDT-Green-100ml/dp/B00DRE3TUO/ref=sr_1_2/275-1805524-5845351?s=beauty&ie=UTF8&qid=1395126866&sr=1-2,[<a href="/gp/help/seller/at-a-glance.html/275-1805524-5845351?ie=UTF8&amp;seller=A2NFQIUV2YGOLG">Fragume</a>],Amazon.in: Buy Nike Fission EDT for Men  Green  100ml Online at Best Price in India | Amazon Beauty Store,Buy Nike Fission EDT for Men  Green  100ml at lowest price in India on Amazon.in. Check out Nike Fission EDT for Men  Green  100ml reviews  ratings  features  specifications and browse more Beauty products online at best prices on Amazon.in.,None,<div class="bucket" id="productDescription"> <h2>Product Description</h2> <div class="content"> <h3 class="productDescriptionSource"></h3> <div class="productDescriptionWrapper">        Nike Fission for men is a perfume that brings a tinge of freshness in your routine. It is a spicy  fruity and floral scent with top notes of bergamot  cardamom  grapefruit  and pepper. Strong  yet refreshing  the perfume has nutmeg  elemi  and bamboo leaves at its heart. The base notes comprise of musk  vetiver and the essential woody accords to emphasise on power and confidence.              <div class="emptyClear"> </div> </div> </div> </div>,None,18:03:2014,None
B002XQ1X4G,Paco Rabanne One Million EDT for Men  100ml,http://www.amazon.in/Fragrances/b/ref=sd_allcat_beauty_fragrance/276-6718833-1247838?ie=UTF8&node=1374298031,None,Fragranc,Nike,Paco Rabanne,http://ecx.images-amazon.com/images/I/41k8cnCtJBL._AA160_.jpg,None,self Colour,Beauty & Health,http://www.amazon.in/Paco-Rabanne-One-Million-100ml/dp/B002XQ1X4G/ref=sr_1_5/275-1805524-5845351?s=beauty&ie=UTF8&qid=1395126866&sr=1-5,[<a href="/gp/help/seller/at-a-glance.html/275-1805524-5845351?ie=UTF8&amp;seller=A2IT7998C8946H">Perfume Nation</a>],Amazon.in: Buy Paco Rabanne One Million EDT for Men  100ml Online at Best Price in India | Amazon Beauty Store,Buy Paco Rabanne One Million EDT for Men  100ml at lowest price in India on Amazon.in. Check out Paco Rabanne One Million EDT for Men  100ml reviews  ratings  features  specifications and browse more Beauty products online at best prices on Amazon.in.,None,<div class="bucket" id="productDescription"> <h2>Product Description</h2> <div class="content"> <h3 class="productDescriptionSource"></h3> <div class="productDescriptionWrapper">        The house of Paco Rabanne's fragrance for men is announced as a fresh and sensual blend of notes  with glittery shine of gold  for which creator Paco Rabanne says the following: "In all civilizations and religions gold has always managed to seduce people". Gold is all around us: In architecture  design  jewelry  clothes  accessories  fashion  it is noticeable and respected worldwide and it possesses divine notes. The bottle of this edition for men is created in golden nuances. The perfume was inspired by Paco Rabanne's metallic fashion and created in cooperation with three famous noses for perfumes  Christophe Raynaud  Olivier Pescheux and Michel Girard  who mixed this year's edition from the notes of sparkling grapefruit  red orange  mint  rose  cinnamon  spices  blond leather  blond wood  patchouli and amber. The perfume is available in the amount of 50 and 100 ml  as an edp and with accompanying body care products. The package is very luxurious  made of golden body with a diamond crown. Each bottle is separately numerated and the edition is limited. The outer package - a case that holds a golden lever  is created by Noe Duchaufour-Lawrence. Let us remind you of the fragrant composition: The perfumers behind it are Christopher Raynaud  Olivier Pescheux and Michel Girard  and the notes are: Sexy blood orange  grapefruit  cinnamon  mint  rose  spices  light leather  white wood  patchouli and amber.              <div class="emptyClear"> </div> </div> </div> </div>,None,18:03:2014,None
B00DRE48PE,Nike Up Or Down Perf Edt for Women  Blue  75ml,http://www.amazon.in/Fragrances/b/ref=sd_allcat_beauty_fragrance/276-6718833-1247838?ie=UTF8&node=1374298031,Rs. 689.00,Fragranc,Nike,Paco Rabanne,http://ecx.images-amazon.com/images/I/41k8cnCtJBL._AA160_.jpg,Rs. 689.00,self Colour,Beauty & Health,http://www.amazon.in/Nike-Down-Perf-Women-Blue/dp/B00DRE48PE/ref=sr_1_3/275-1805524-5845351?s=beauty&ie=UTF8&qid=1395126866&sr=1-3,[<a class="buyAction" href="/gp/offer-listing/B00DRE48PE/ref=dp_olp_0/275-1805524-5845351?ie=UTF8&amp;condition=all">these sellers</a>],Amazon.in: Buy Nike Up Or Down Perf Edt for Women  Blue  75ml Online at Best Price in India | Amazon Beauty Store,Buy Nike Up Or Down Perf Edt for Women  Blue  75ml at lowest price in India on Amazon.in. Check out Nike Up Or Down Perf Edt for Women  Blue  75ml reviews  ratings  features  specifications and browse more Beauty products online at best prices on Amazon.in.,None,<div class="bucket" id="productDescription"> <h2>Product Description</h2> <div class="content"> <h3 class="productDescriptionSource"></h3> <div class="productDescriptionWrapper">        Nike up or down for women is an Eau de Toilette natural spray that offers long lasting protection and leaves you feeling refreshed for a long time.              <div class="emptyClear"> </div> </div> </div> </div>,None,18:03:2014,None
B00DRE10QO,Nike Trendy EDT for Women  Pink  75ml,http://www.amazon.in/Fragrances/b/ref=sd_allcat_beauty_fragrance/276-6718833-1247838?ie=UTF8&node=1374298031,Rs. 648.00,Fragranc,Nike,Paco Rabanne,http://ecx.images-amazon.com/images/I/41k8cnCtJBL._AA160_.jpg,Rs. 648.00,self Colour,Beauty & Health,http://www.amazon.in/Nike-Trendy-Women-Pink-75ml/dp/B00DRE10QO/ref=sr_1_4/275-1805524-5845351?s=beauty&ie=UTF8&qid=1395126866&sr=1-4,[<a class="buyAction" href="/gp/offer-listing/B00DRE10QO/ref=dp_olp_0/275-1805524-5845351?ie=UTF8&amp;condition=all">these sellers</a>],Amazon.in: Buy Nike Trendy EDT for Women  Pink  75ml Online at Best Price in India | Amazon Beauty Store,Buy Nike Trendy EDT for Women  Pink  75ml at lowest price in India on Amazon.in. Check out Nike Trendy EDT for Women  Pink  75ml reviews  ratings  features  specifications and browse more Beauty products online at best prices on Amazon.in.,None,None,None,18:03:2014,None
B00017XSPQ,Paco Rabanne Xs By Paco Rabanne Eau De Toilette Spray  100.55ml,http://www.amazon.in/Fragrances/b/ref=sd_allcat_beauty_fragrance/276-6718833-1247838?ie=UTF8&node=1374298031,None,Fragranc,Nike,Paco Rabanne,http://ecx.images-amazon.com/images/I/41k8cnCtJBL._AA160_.jpg,None,self Colour,Beauty & Health,http://www.amazon.in/Paco-Rabanne-Toilette-Spray-100-55ml/dp/B00017XSPQ/ref=sr_1_6/275-1805524-5845351?s=beauty&ie=UTF8&qid=1395126866&sr=1-6,[<a href="/gp/help/seller/at-a-glance.html/275-1805524-5845351?ie=UTF8&amp;seller=A2NFQIUV2YGOLG">Fragume</a>],Amazon.in: Buy Paco Rabanne Xs By Paco Rabanne Eau De Toilette Spray  100.55ml Online at Best Price in India | Amazon Beauty Store,Buy Paco Rabanne Xs By Paco Rabanne Eau De Toilette Spray  100.55ml at lowest price in India on Amazon.in. Check out Paco Rabanne Xs By Paco Rabanne Eau De Toilette Spray  100.55ml reviews  ratings  features  specifications and browse more Beauty products online at best prices on Amazon.in.,None,<div class="bucket" id="productDescription"> <h2>Product Description</h2> <div class="content"> <h3 class="productDescriptionSource"></h3> <div class="productDescriptionWrapper">        Design House: Paco Rabanne  Year Introduced: 1993  Recommended Use: Daytime  Recommended Use: Daytime              <div class="emptyClear"> </div> </div> </div> </div>,None,18:03:2014,None
B00DRE0ZUG,Nike Original EDT for Women  Pink  75ml,http://www.amazon.in/Fragrances/b/ref=sd_allcat_beauty_fragrance/276-6718833-1247838?ie=UTF8&node=1374298031,None,Fragranc,Nike,Paco Rabanne,http://ecx.images-amazon.com/images/I/41k8cnCtJBL._AA160_.jpg,None,self Colour,Beauty & Health,http://www.amazon.in/Nike-Original-Women-Pink-75ml/dp/B00DRE0ZUG/ref=sr_1_7/275-1805524-5845351?s=beauty&ie=UTF8&qid=1395126866&sr=1-7,[<a href="/gp/help/seller/at-a-glance.html/275-1805524-5845351?ie=UTF8&amp;seller=A2NFQIUV2YGOLG">Fragume</a>],Amazon.in: Buy Nike Original EDT for Women  Pink  75ml Online at Best Price in India | Amazon Beauty Store,Buy Nike Original EDT for Women  Pink  75ml at lowest price in India on Amazon.in. Check out Nike Original EDT for Women  Pink  75ml reviews  ratings  features  specifications and browse more Beauty products online at best prices on Amazon.in.,None,None,None,18:03:2014,None
B00DRE3UIA,Nike Fission EDT for Women  White  100ml,http://www.amazon.in/Fragrances/b/ref=sd_allcat_beauty_fragrance/276-6718833-1247838?ie=UTF8&node=1374298031,None,Fragranc,Nike,Paco Rabanne,http://ecx.images-amazon.com/images/I/41k8cnCtJBL._AA160_.jpg,None,self Colour,Beauty & Health,http://www.amazon.in/Nike-Fission-Women-White-100ml/dp/B00DRE3UIA/ref=sr_1_12/275-1805524-5845351?s=beauty&ie=UTF8&qid=1395126866&sr=1-12,[<a href="/gp/help/seller/at-a-glance.html/275-1805524-5845351?ie=UTF8&amp;seller=A2NFQIUV2YGOLG">Fragume</a>],Amazon.in: Buy Nike Fission EDT for Women  White  100ml Online at Best Price in India | Amazon Beauty Store,Buy Nike Fission EDT for Women  White  100ml at lowest price in India on Amazon.in. Check out Nike Fission EDT for Women  White  100ml reviews  ratings  features  specifications and browse more Beauty products online at best prices on Amazon.in.,None,<div class="bucket" id="productDescription"> <h2>Product Description</h2> <div class="content"> <h3 class="productDescriptionSource"></h3> <div class="productDescriptionWrapper">        A gently refreshing fragrance which provides long lasting protection with unique active formula.              <div class="emptyClear"> </div> </div> </div> </div>,None,18:03:2014,None
B00DRE3YPE,Nike N150 Storm EDT Deo Spray for Men  Green 200ml,http://www.amazon.in/Fragrances/b/ref=sd_allcat_beauty_fragrance/276-6718833-1247838?ie=UTF8&node=1374298031,None,Fragranc,Nike,Paco Rabanne,http://ecx.images-amazon.com/images/I/41k8cnCtJBL._AA160_.jpg,None,self Colour,Beauty & Health,http://www.amazon.in/Nike-Storm-Spray-Green-200ml/dp/B00DRE3YPE/ref=sr_1_14/275-1805524-5845351?s=beauty&ie=UTF8&qid=1395126866&sr=1-14,[<a href="/gp/help/seller/at-a-glance.html/275-1805524-5845351?ie=UTF8&amp;seller=A3S589APE53IEY">Nykaa</a>],Amazon.in: Buy Nike N150 Storm EDT Deo Spray for Men  Green 200ml Online at Best Price in India | Amazon Beauty Store,Buy Nike N150 Storm EDT Deo Spray for Men  Green 200ml at lowest price in India on Amazon.in. Check out Nike N150 Storm EDT Deo Spray for Men  Green 200ml reviews  ratings  features  specifications and browse more Beauty products online at best prices on Amazon.in.,None,<div class="bucket" id="productDescription"> <h2>Product Description</h2> <div class="content"> <h3 class="productDescriptionSource"></h3> <div class="productDescriptionWrapper">        A gently refreshing fragrance which provides long lasting protection with unique active formula.              <div class="emptyClear"> </div> </div> </div> </div>,None,18:03:2014,None
B00DRE3ZBM,Nike N150 On Fire EDT Deo Spray for Men  Orange  200ml,http://www.amazon.in/Fragrances/b/ref=sd_allcat_beauty_fragrance/276-6718833-1247838?ie=UTF8&node=1374298031,None,Fragranc,Nike,Paco Rabanne,http://ecx.images-amazon.com/images/I/41k8cnCtJBL._AA160_.jpg,None,self Colour,Beauty & Health,http://www.amazon.in/Nike-N150-Spray-Orange-200ml/dp/B00DRE3ZBM/ref=sr_1_15/275-1805524-5845351?s=beauty&ie=UTF8&qid=1395126866&sr=1-15,[<a href="/gp/help/seller/at-a-glance.html/275-1805524-5845351?ie=UTF8&amp;seller=A3S589APE53IEY">Nykaa</a>],Amazon.in: Buy Nike N150 On Fire EDT Deo Spray for Men  Orange  200ml Online at Best Price in India | Amazon Beauty Store,Buy Nike N150 On Fire EDT Deo Spray for Men  Orange  200ml at lowest price in India on Amazon.in. Check out Nike N150 On Fire EDT Deo Spray for Men  Orange  200ml reviews  ratings  features  specifications and browse more Beauty products online at best prices on Amazon.in.,None,<div class="bucket" id="productDescription"> <h2>Product Description</h2> <div class="content"> <h3 class="productDescriptionSource"></h3> <div class="productDescriptionWrapper">        A gently refreshing fragrance which provides long lasting protection with unique active formula.              <div class="emptyClear"> </div> </div> </div> </div>,None,18:03:2014,None
B003YCCLXK,Paco Rabanne Lady Million Eau De Parfum Spray for Women  80ml,http://www.amazon.in/Fragrances/b/ref=sd_allcat_beauty_fragrance/276-6718833-1247838?ie=UTF8&node=1374298031,None,Fragranc,Nike,Paco Rabanne,http://ecx.images-amazon.com/images/I/41k8cnCtJBL._AA160_.jpg,None,self Colour,Beauty & Health,http://www.amazon.in/Paco-Rabanne-Million-Parfum-Spray/dp/B003YCCLXK/ref=sr_1_9/275-1805524-5845351?s=beauty&ie=UTF8&qid=1395126866&sr=1-9,[<a href="/gp/help/seller/at-a-glance.html/275-1805524-5845351?ie=UTF8&amp;seller=A2NFQIUV2YGOLG">Fragume</a>],Amazon.in: Buy Paco Rabanne Lady Million Eau De Parfum Spray for Women  80ml Online at Best Price in India | Amazon Beauty Store,Buy Paco Rabanne Lady Million Eau De Parfum Spray for Women  80ml at lowest price in India on Amazon.in. Check out Paco Rabanne Lady Million Eau De Parfum Spray for Women  80ml reviews  ratings  features  specifications and browse more Beauty products online at best prices on Amazon.in.,None,<div class="bucket" id="productDescription"> <h2>Product Description</h2> <div class="content"> <h3 class="productDescriptionSource"></h3> <div class="productDescriptionWrapper">        Paco Rabanne Lady Million by Paco Rabanne Eau De Parfum Spray 79.8 milliliters for Women              <div class="emptyClear"> </div> </div> </div> </div>,None,18:03:2014,None
B00DRE1H6M,Nike N150 Free Soul EDT N/S for Women  Blue  150ml,http://www.amazon.in/Fragrances/b/ref=sd_allcat_beauty_fragrance/276-6718833-1247838?ie=UTF8&node=1374298031,Rs. 900.00,Fragranc,Nike,Paco Rabanne,http://ecx.images-amazon.com/images/I/41k8cnCtJBL._AA160_.jpg,Rs. 900.00,self Colour,Beauty & Health,http://www.amazon.in/Nike-N150-Free-Women-150ml/dp/B00DRE1H6M/ref=sr_1_18/275-1805524-5845351?s=beauty&ie=UTF8&qid=1395126866&sr=1-18,[<a class="buyAction" href="/gp/offer-listing/B00DRE1H6M/ref=dp_olp_0/275-1805524-5845351?ie=UTF8&amp;condition=all">these sellers</a>],Amazon.in: Buy Nike N150 Free Soul EDT N/S for Women  Blue  150ml Online at Best Price in India | Amazon Beauty Store,Buy Nike N150 Free Soul EDT N/S for Women  Blue  150ml at lowest price in India on Amazon.in. Check out Nike N150 Free Soul EDT N/S for Women  Blue  150ml reviews  ratings  features  specifications and browse more Beauty products online at best prices on Amazon.in.,None,<div class="bucket" id="productDescription"> <h2>Product Description</h2> <div class="content"> <h3 class="productDescriptionSource"></h3> <div class="productDescriptionWrapper">        Nike fragrances greets you with fresh fragrances that are long lasting and smell divine.              <div class="emptyClear"> </div> </div> </div> </div>,None,18:03:2014,None
B000VOJB50,Paco Rabanne Black XS EDT for Men  100ml,http://www.amazon.in/Fragrances/b/ref=sd_allcat_beauty_fragrance/276-6718833-1247838?ie=UTF8&node=1374298031,None,Fragranc,Nike,Paco Rabanne,http://ecx.images-amazon.com/images/I/41k8cnCtJBL._AA160_.jpg,None,self Colour,Beauty & Health,http://www.amazon.in/Paco-Rabanne-Black-EDT-100ml/dp/B000VOJB50/ref=sr_1_16/275-1805524-5845351?s=beauty&ie=UTF8&qid=1395126866&sr=1-16,[<a href="/gp/help/seller/at-a-glance.html/275-1805524-5845351?ie=UTF8&amp;seller=A2NFQIUV2YGOLG">Fragume</a>],Amazon.in: Buy Paco Rabanne Black XS EDT for Men  100ml Online at Best Price in India | Amazon Beauty Store,Buy Paco Rabanne Black XS EDT for Men  100ml at lowest price in India on Amazon.in. Check out Paco Rabanne Black XS EDT for Men  100ml reviews  ratings  features  specifications and browse more Beauty products online at best prices on Amazon.in.,None,<div class="bucket" id="productDescription"> <h2>Product Description</h2> <div class="content"> <h3 class="productDescriptionSource"></h3> <div class="productDescriptionWrapper">        Design House: Paco Rabanne  Year Introduced: 2005  Recommended Use: Casual  Recommended Use: Casual              <div class="emptyClear"> </div> </div> </div> </div>,None,18:03:2014,None
B00EXW0HKO,Black XS Edt  50ml,http://www.amazon.in/Fragrances/b/ref=sd_allcat_beauty_fragrance/276-6718833-1247838?ie=UTF8&node=1374298031,Rs. 3 550.00,Fragranc,Nike,Paco Rabanne,http://ecx.images-amazon.com/images/I/41k8cnCtJBL._AA160_.jpg,Rs. 3 550.00,self Colour,Beauty & Health,http://www.amazon.in/Paco-Rabanne-Black-Edt-50ml/dp/B00EXW0HKO/ref=sr_1_21/275-1805524-5845351?s=beauty&ie=UTF8&qid=1395126866&sr=1-21,[<a class="buyAction" href="/gp/offer-listing/B00EXW0HKO/ref=dp_olp_0/275-1805524-5845351?ie=UTF8&amp;condition=all">these sellers</a>],Amazon.in: Buy Black XS Edt  50ml Online at Best Price in India | Amazon Beauty Store,Buy Black XS Edt  50ml at lowest price in India on Amazon.in. Check out Black XS Edt  50ml reviews  ratings  features  specifications and browse more Beauty products online at best prices on Amazon.in.,None,<div class="bucket" id="productDescription"> <h2>Product Description</h2> <div class="content"> <h3 class="productDescriptionSource"></h3> <div class="productDescriptionWrapper">        Heart notes: Cereus  jasmine and roseBase notes: Cashmere wood and vanillaGender: WomenRecommended for: Casual wearTop notes: Pepper and neroliBrand: Paco Rabanne100% originalQuantity: 50ml              <div class="emptyClear"> </div> </div> </div> </div>,None,18:03:2014,None
B00DNZCIKE,Nike N150 Wave EDT N/S for Men  Blue  150ml,http://www.amazon.in/Fragrances/b/ref=sd_allcat_beauty_fragrance/276-6718833-1247838?ie=UTF8&node=1374298031,Rs. 825.00,Fragranc,Nike,Paco Rabanne,http://ecx.images-amazon.com/images/I/41k8cnCtJBL._AA160_.jpg,Rs. 825.00,self Colour,Beauty & Health,http://www.amazon.in/Nike-N150-Wave-Blue-150ml/dp/B00DNZCIKE/ref=sr_1_19/275-1805524-5845351?s=beauty&ie=UTF8&qid=1395126866&sr=1-19,[<a class="buyAction" href="/gp/offer-listing/B00DNZCIKE/ref=dp_olp_0/275-1805524-5845351?ie=UTF8&amp;condition=all">these sellers</a>],Amazon.in: Buy Nike N150 Wave EDT N/S for Men  Blue  150ml Online at Best Price in India | Amazon Beauty Store,Buy Nike N150 Wave EDT N/S for Men  Blue  150ml at lowest price in India on Amazon.in. Check out Nike N150 Wave EDT N/S for Men  Blue  150ml reviews  ratings  features  specifications and browse more Beauty products online at best prices on Amazon.in.,None,<div class="bucket" id="productDescription"> <h2>Product Description</h2> <div class="content"> <h3 class="productDescriptionSource"></h3> <div class="productDescriptionWrapper">        A gently refreshing fragrance which provides long lasting protection with unique active formula.              <div class="emptyClear"> </div> </div> </div> </div>,None,18:03:2014,None
B00DRE3XXW,Nike N150 Cool Wind EDT Deo Spray  for Men  Yellow  200ml,http://www.amazon.in/Fragrances/b/ref=sd_allcat_beauty_fragrance/276-6718833-1247838?ie=UTF8&node=1374298031,None,Fragranc,Nike,Paco Rabanne,http://ecx.images-amazon.com/images/I/41k8cnCtJBL._AA160_.jpg,None,self Colour,Beauty & Health,http://www.amazon.in/Nike-N150-Spray-Yellow-200ml/dp/B00DRE3XXW/ref=sr_1_17/275-1805524-5845351?s=beauty&ie=UTF8&qid=1395126866&sr=1-17,[<a href="/gp/help/seller/at-a-glance.html/275-1805524-5845351?ie=UTF8&amp;seller=A3S589APE53IEY">Nykaa</a>],Amazon.in: Buy Nike N150 Cool Wind EDT Deo Spray for Men  Yellow  200ml Online at Best Price in India | Amazon Beauty Store,Buy Nike N150 Cool Wind EDT Deo Spray for Men  Yellow  200ml at lowest price in India on Amazon.in. Check out Nike N150 Cool Wind EDT Deo Spray for Men  Yellow  200ml reviews  ratings  features  specifications and browse more Beauty products online at best prices on Amazon.in.,None,<div class="bucket" id="productDescription"> <h2>Product Description</h2> <div class="content"> <h3 class="productDescriptionSource"></h3> <div class="productDescriptionWrapper">        A gently refreshing fragrance which provides long lasting protection with unique active formula.              <div class="emptyClear"> </div> </div> </div> </div>,None,18:03:2014,None
B00BQK7RN6,Black Xs Lexces Eau De Parfum Spray 80ml/2.7oz,http://www.amazon.in/Fragrances/b/ref=sd_allcat_beauty_fragrance/276-6718833-1247838?ie=UTF8&node=1374298031,Rs. 3 190.00,Fragranc,Nike,Paco Rabanne,http://ecx.images-amazon.com/images/I/41k8cnCtJBL._AA160_.jpg,Rs. 3 190.00,self Colour,Beauty & Health,http://www.amazon.in/Black-Lexces-Parfum-Spray-2-7oz/dp/B00BQK7RN6/ref=sr_1_23/275-1805524-5845351?s=beauty&ie=UTF8&qid=1395126866&sr=1-23,[<a class="buyAction" href="/gp/offer-listing/B00BQK7RN6/ref=dp_olp_0/275-1805524-5845351?ie=UTF8&amp;condition=all">these sellers</a>],Amazon.in: Buy Black Xs Lexces Eau De Parfum Spray 80ml/2.7oz Online at Best Price in India | Amazon Beauty Store,Buy Black Xs Lexces Eau De Parfum Spray 80ml/2.7oz at lowest price in India on Amazon.in. Check out Black Xs Lexces Eau De Parfum Spray 80ml/2.7oz reviews  ratings  features  specifications and browse more Beauty products online at best prices on Amazon.in.,None,None,None,18:03:2014,None
B00BOJF2RW,Lady Million,http://www.amazon.in/Fragrances/b/ref=sd_allcat_beauty_fragrance/276-6718833-1247838?ie=UTF8&node=1374298031,None,Fragranc,Nike,Paco Rabanne,http://ecx.images-amazon.com/images/I/41k8cnCtJBL._AA160_.jpg,None,self Colour,Beauty & Health,http://www.amazon.in/Paco-Rabanne-467211-Lady-Million/dp/B00BOJF2RW/ref=sr_1_25/275-1805524-5845351?s=beauty&ie=UTF8&qid=1395126871&sr=1-25,[<a href="/gp/help/seller/at-a-glance.html/275-1805524-5845351?ie=UTF8&amp;seller=A2IT7998C8946H">Perfume Nation</a>],Amazon.in: Buy Lady Million Online at Best Price in India | Amazon Beauty Store,Buy Lady Million at lowest price in India on Amazon.in. Check out Lady Million reviews  ratings  features  specifications and browse more Beauty products online at best prices on Amazon.in.,None,<div class="bucket" id="productDescription"> <h2>Product Description</h2> <div class="content"> <h3 class="productDescriptionSource"></h3> <div class="productDescriptionWrapper">        Lady Million A Fragrance That Makes You Feel Like Royalty The Product Is A Eau De Parfum  Vaporisateur Spray 80Ml 2.7 Fl Oz. The Fragrance Is Exclusively Designed For The Fine Ladies With A Taste For The Very Best The World Has To Offer. The Ingredient              <div class="emptyClear"> </div> </div> </div> </div>,None,18:03:2014,None
B00DRE0Z9W,Nike Casual EDT for Men  Green  75ml,http://www.amazon.in/Fragrances/b/ref=sd_allcat_beauty_fragrance/276-6718833-1247838?ie=UTF8&node=1374298031,None,Fragranc,Nike,Paco Rabanne,http://ecx.images-amazon.com/images/I/41k8cnCtJBL._AA160_.jpg,None,self Colour,Beauty & Health,http://www.amazon.in/Nike-Casual-EDT-Green-75ml/dp/B00DRE0Z9W/ref=sr_1_26/275-1805524-5845351?s=beauty&ie=UTF8&qid=1395126871&sr=1-26,[<a href="/gp/help/seller/at-a-glance.html/275-1805524-5845351?ie=UTF8&amp;seller=A2NFQIUV2YGOLG">Fragume</a>],Amazon.in: Buy Nike Casual EDT for Men  Green  75ml Online at Best Price in India | Amazon Beauty Store,Buy Nike Casual EDT for Men  Green  75ml at lowest price in India on Amazon.in. Check out Nike Casual EDT for Men  Green  75ml reviews  ratings  features  specifications and browse more Beauty products online at best prices on Amazon.in.,None,None,None,18:03:2014,None
B00DRE1HSA,Nike N150 Fruit Fever EDT N/S for Women  Yellow  150ml,http://www.amazon.in/Fragrances/b/ref=sd_allcat_beauty_fragrance/276-6718833-1247838?ie=UTF8&node=1374298031,None,Fragranc,Nike,Paco Rabanne,http://ecx.images-amazon.com/images/I/41k8cnCtJBL._AA160_.jpg,None,self Colour,Beauty & Health,http://www.amazon.in/Nike-Fruit-Fever-Women-Yellow/dp/B00DRE1HSA/ref=sr_1_31/275-1805524-5845351?s=beauty&ie=UTF8&qid=1395126871&sr=1-31,[<a href="/gp/help/seller/at-a-glance.html/275-1805524-5845351?ie=UTF8&amp;seller=A2NFQIUV2YGOLG">Fragume</a>],Amazon.in: Buy Nike N150 Fruit Fever EDT N/S for Women  Yellow  150ml Online at Best Price in India | Amazon Beauty Store,Buy Nike N150 Fruit Fever EDT N/S for Women  Yellow  150ml at lowest price in India on Amazon.in. Check out Nike N150 Fruit Fever EDT N/S for Women  Yellow  150ml reviews  ratings  features  specifications and browse more Beauty products online at best prices on Amazon.in.,None,<div class="bucket" id="productDescription"> <h2>Product Description</h2> <div class="content"> <h3 class="productDescriptionSource"></h3> <div class="productDescriptionWrapper">        Nike fragrances greets you with fresh fragrances that are long lasting and smell divine.              <div class="emptyClear"> </div> </div> </div> </div>,None,18:03:2014,None
B00DRE18YS,Nike Extreme EDT for Women  Red  75ml,http://www.amazon.in/Fragrances/b/ref=sd_allcat_beauty_fragrance/276-6718833-1247838?ie=UTF8&node=1374298031,None,Fragranc,Nike,Paco Rabanne,http://ecx.images-amazon.com/images/I/41k8cnCtJBL._AA160_.jpg,None,self Colour,Beauty & Health,http://www.amazon.in/Nike-Extreme-EDT-Women-75ml/dp/B00DRE18YS/ref=sr_1_29/275-1805524-5845351?s=beauty&ie=UTF8&qid=1395126871&sr=1-29,[<a href="/gp/help/seller/at-a-glance.html/275-1805524-5845351?ie=UTF8&amp;seller=A2NFQIUV2YGOLG">Fragume</a>],Amazon.in: Buy Nike Extreme EDT for Women  Red  75ml Online at Best Price in India | Amazon Beauty Store,Buy Nike Extreme EDT for Women  Red  75ml at lowest price in India on Amazon.in. Check out Nike Extreme EDT for Women  Red  75ml reviews  ratings  features  specifications and browse more Beauty products online at best prices on Amazon.in.,None,<div class="bucket" id="productDescription"> <h2>Product Description</h2> <div class="content"> <h3 class="productDescriptionSource"></h3> <div class="productDescriptionWrapper">        Size:Â 75ml              <div class="emptyClear"> </div> </div> </div> </div>,None,18:03:2014,None
B00DRE3VRU,Nike N150 Cool Wind EDT N/S for Men  Yellow  150ml,http://www.amazon.in/Fragrances/b/ref=sd_allcat_beauty_fragrance/276-6718833-1247838?ie=UTF8&node=1374298031,Rs. 825.00,Fragranc,Nike,Paco Rabanne,http://ecx.images-amazon.com/images/I/41k8cnCtJBL._AA160_.jpg,Rs. 825.00,self Colour,Beauty & Health,http://www.amazon.in/Nike-N150-Cool-Yellow-150ml/dp/B00DRE3VRU/ref=sr_1_30/275-1805524-5845351?s=beauty&ie=UTF8&qid=1395126871&sr=1-30,[<a class="buyAction" href="/gp/offer-listing/B00DRE3VRU/ref=dp_olp_0/275-1805524-5845351?ie=UTF8&amp;condition=all">these sellers</a>],Amazon.in: Buy Nike N150 Cool Wind EDT N/S for Men  Yellow  150ml Online at Best Price in India | Amazon Beauty Store,Buy Nike N150 Cool Wind EDT N/S for Men  Yellow  150ml at lowest price in India on Amazon.in. Check out Nike N150 Cool Wind EDT N/S for Men  Yellow  150ml reviews  ratings  features  specifications and browse more Beauty products online at best prices on Amazon.in.,None,<div class="bucket" id="productDescription"> <h2>Product Description</h2> <div class="content"> <h3 class="productDescriptionSource"></h3> <div class="productDescriptionWrapper">        A gently refreshing fragrance which provides long lasting protection with unique active formula.              <div class="emptyClear"> </div> </div> </div> </div>,None,18:03:2014,None
B00DRE1EC4,Nike N150 Magnetic EDT N/S for Men  Blue  150ml,http://www.amazon.in/Fragrances/b/ref=sd_allcat_beauty_fragrance/276-6718833-1247838?ie=UTF8&node=1374298031,Rs. 750.00,Fragranc,Nike,Paco Rabanne,http://ecx.images-amazon.com/images/I/41k8cnCtJBL._AA160_.jpg,Rs. 750.00,self Colour,Beauty & Health,http://www.amazon.in/Nike-N150-Magnetic-Blue-150ml/dp/B00DRE1EC4/ref=sr_1_34/275-1805524-5845351?s=beauty&ie=UTF8&qid=1395126871&sr=1-34,[<a class="buyAction" href="/gp/offer-listing/B00DRE1EC4/ref=dp_olp_0/275-1805524-5845351?ie=UTF8&amp;condition=all">these sellers</a>],Amazon.in: Buy Nike N150 Magnetic EDT N/S for Men  Blue  150ml Online at Best Price in India | Amazon Beauty Store,Buy Nike N150 Magnetic EDT N/S for Men  Blue  150ml at lowest price in India on Amazon.in. Check out Nike N150 Magnetic EDT N/S for Men  Blue  150ml reviews  ratings  features  specifications and browse more Beauty products online at best prices on Amazon.in.,None,None,None,18:03:2014,None
B00DRE1FJQ,Nike N150 Out Of Control EDT N/S for Men  Green  150ml,http://www.amazon.in/Fragrances/b/ref=sd_allcat_beauty_fragrance/276-6718833-1247838?ie=UTF8&node=1374298031,Rs. 750.00,Fragranc,Nike,Paco Rabanne,http://ecx.images-amazon.com/images/I/41k8cnCtJBL._AA160_.jpg,Rs. 750.00,self Colour,Beauty & Health,http://www.amazon.in/Nike-N150-Control-Green-150ml/dp/B00DRE1FJQ/ref=sr_1_37/275-1805524-5845351?s=beauty&ie=UTF8&qid=1395126871&sr=1-37,[<a class="buyAction" href="/gp/offer-listing/B00DRE1FJQ/ref=dp_olp_0/275-1805524-5845351?ie=UTF8&amp;condition=all">these sellers</a>],Amazon.in: Buy Nike N150 Out Of Control EDT N/S for Men  Green  150ml Online at Best Price in India | Amazon Beauty Store,Buy Nike N150 Out Of Control EDT N/S for Men  Green  150ml at lowest price in India on Amazon.in. Check out Nike N150 Out Of Control EDT N/S for Men  Green  150ml reviews  ratings  features  specifications and browse more Beauty products online at best prices on Amazon.in.,None,None,None,18:03:2014,None
B00DRE3WU6,Nike N150 On Fire EDT N/S for Men  Orange  150ml,http://www.amazon.in/Fragrances/b/ref=sd_allcat_beauty_fragrance/276-6718833-1247838?ie=UTF8&node=1374298031,Rs. 750.00,Fragranc,Nike,Paco Rabanne,http://ecx.images-amazon.com/images/I/41k8cnCtJBL._AA160_.jpg,Rs. 750.00,self Colour,Beauty & Health,http://www.amazon.in/Nike-N150-Fire-Orange-150ml/dp/B00DRE3WU6/ref=sr_1_36/275-1805524-5845351?s=beauty&ie=UTF8&qid=1395126871&sr=1-36,[<a class="buyAction" href="/gp/offer-listing/B00DRE3WU6/ref=dp_olp_0/275-1805524-5845351?ie=UTF8&amp;condition=all">these sellers</a>],Amazon.in: Buy Nike N150 On Fire EDT N/S for Men  Orange  150ml Online at Best Price in India | Amazon Beauty Store,Buy Nike N150 On Fire EDT N/S for Men  Orange  150ml at lowest price in India on Amazon.in. Check out Nike N150 On Fire EDT N/S for Men  Orange  150ml reviews  ratings  features  specifications and browse more Beauty products online at best prices on Amazon.in.,None,<div class="bucket" id="productDescription"> <h2>Product Description</h2> <div class="content"> <h3 class="productDescriptionSource"></h3> <div class="productDescriptionWrapper">        A gently refreshing fragrance which provides long lasting protection with unique active formula.              <div class="emptyClear"> </div> </div> </div> </div>,None,18:03:2014,None
B00DRE4H9Q,Nike N150 Paradise EDT for Women  Pink  150ml,http://www.amazon.in/Fragrances/b/ref=sd_allcat_beauty_fragrance/276-6718833-1247838?ie=UTF8&node=1374298031,Rs. 825.00,Fragranc,Nike,Paco Rabanne,http://ecx.images-amazon.com/images/I/41k8cnCtJBL._AA160_.jpg,Rs. 825.00,self Colour,Beauty & Health,http://www.amazon.in/Nike-N150-Paradise-Women-150ml/dp/B00DRE4H9Q/ref=sr_1_38/275-1805524-5845351?s=beauty&ie=UTF8&qid=1395126871&sr=1-38,[<a class="buyAction" href="/gp/offer-listing/B00DRE4H9Q/ref=dp_olp_0/275-1805524-5845351?ie=UTF8&amp;condition=all">these sellers</a>],Amazon.in: Buy Nike N150 Paradise EDT for Women  Pink  150ml Online at Best Price in India | Amazon Beauty Store,Buy Nike N150 Paradise EDT for Women  Pink  150ml at lowest price in India on Amazon.in. Check out Nike N150 Paradise EDT for Women  Pink  150ml reviews  ratings  features  specifications and browse more Beauty products online at best prices on Amazon.in.,None,<div class="bucket" id="productDescription"> <h2>Product Description</h2> <div class="content"> <h3 class="productDescriptionSource"></h3> <div class="productDescriptionWrapper">        A gently refreshing fragrance which provides long lasting protection with unique active formula.              <div class="emptyClear"> </div> </div> </div> </div>,None,18:03:2014,None
B00DRE17J4,Nike N150 Magic Passion EDT N/S for Women  Blue  150ml,http://www.amazon.in/Fragrances/b/ref=sd_allcat_beauty_fragrance/276-6718833-1247838?ie=UTF8&node=1374298031,Rs. 999.00,Fragranc,Nike,Paco Rabanne,http://ecx.images-amazon.com/images/I/41k8cnCtJBL._AA160_.jpg,Rs. 999.00,self Colour,Beauty & Health,http://www.amazon.in/Nike-Magic-Passion-Women-150ml/dp/B00DRE17J4/ref=sr_1_33/275-1805524-5845351?s=beauty&ie=UTF8&qid=1395126871&sr=1-33,[<a class="buyAction" href="/gp/offer-listing/B00DRE17J4/ref=dp_olp_0/275-1805524-5845351?ie=UTF8&amp;condition=all">these sellers</a>],Amazon.in: Buy Nike N150 Magic Passion EDT N/S for Women  Blue  150ml Online at Best Price in India | Amazon Beauty Store,Buy Nike N150 Magic Passion EDT N/S for Women  Blue  150ml at lowest price in India on Amazon.in. Check out Nike N150 Magic Passion EDT N/S for Women  Blue  150ml reviews  ratings  features  specifications and browse more Beauty products online at best prices on Amazon.in.,None,None,None,18:03:2014,None
B00DRE1F0U,Nike N150 No Limits EDT N/S for Men  Orange  150ml,http://www.amazon.in/Fragrances/b/ref=sd_allcat_beauty_fragrance/276-6718833-1247838?ie=UTF8&node=1374298031,Rs. 750.00,Fragranc,Nike,Paco Rabanne,http://ecx.images-amazon.com/images/I/41k8cnCtJBL._AA160_.jpg,Rs. 750.00,self Colour,Beauty & Health,http://www.amazon.in/Nike-N150-Limits-Orange-150ml/dp/B00DRE1F0U/ref=sr_1_35/275-1805524-5845351?s=beauty&ie=UTF8&qid=1395126871&sr=1-35,[<a class="buyAction" href="/gp/offer-listing/B00DRE1F0U/ref=dp_olp_0/275-1805524-5845351?ie=UTF8&amp;condition=all">these sellers</a>],Amazon.in: Buy Nike N150 No Limits EDT N/S for Men  Orange  150ml Online at Best Price in India | Amazon Beauty Store,Buy Nike N150 No Limits EDT N/S for Men  Orange  150ml at lowest price in India on Amazon.in. Check out Nike N150 No Limits EDT N/S for Men  Orange  150ml reviews  ratings  features  specifications and browse more Beauty products online at best prices on Amazon.in.,None,None,None,18:03:2014,None
B00DRE1G7M,Nike N150 Party Zone EDT N/S for Men  Red  150ml,http://www.amazon.in/Fragrances/b/ref=sd_allcat_beauty_fragrance/276-6718833-1247838?ie=UTF8&node=1374298031,Rs. 750.00,Fragranc,Nike,Paco Rabanne,http://ecx.images-amazon.com/images/I/41k8cnCtJBL._AA160_.jpg,Rs. 750.00,self Colour,Beauty & Health,http://www.amazon.in/Nike-N150-Party-Zone-150ml/dp/B00DRE1G7M/ref=sr_1_39/275-1805524-5845351?s=beauty&ie=UTF8&qid=1395126871&sr=1-39,[<a class="buyAction" href="/gp/offer-listing/B00DRE1G7M/ref=dp_olp_0/275-1805524-5845351?ie=UTF8&amp;condition=all">these sellers</a>],Amazon.in: Buy Nike N150 Party Zone EDT N/S for Men  Red  150ml Online at Best Price in India | Amazon Beauty Store,Buy Nike N150 Party Zone EDT N/S for Men  Red  150ml at lowest price in India on Amazon.in. Check out Nike N150 Party Zone EDT N/S for Men  Red  150ml reviews  ratings  features  specifications and browse more Beauty products online at best prices on Amazon.in.,None,None,None,18:03:2014,None
B00DRE3WCO,Nike N150 Storm EDT N/S for Men  Green  150ml,http://www.amazon.in/Fragrances/b/ref=sd_allcat_beauty_fragrance/276-6718833-1247838?ie=UTF8&node=1374298031,Rs. 750.00,Fragranc,Nike,Paco Rabanne,http://ecx.images-amazon.com/images/I/41k8cnCtJBL._AA160_.jpg,Rs. 750.00,self Colour,Beauty & Health,http://www.amazon.in/Nike-N150-Storm-Green-150ml/dp/B00DRE3WCO/ref=sr_1_44/275-1805524-5845351?s=beauty&ie=UTF8&qid=1395126871&sr=1-44,[<a class="buyAction" href="/gp/offer-listing/B00DRE3WCO/ref=dp_olp_0/275-1805524-5845351?ie=UTF8&amp;condition=all">these sellers</a>],Amazon.in: Buy Nike N150 Storm EDT N/S for Men  Green  150ml Online at Best Price in India | Amazon Beauty Store,Buy Nike N150 Storm EDT N/S for Men  Green  150ml at lowest price in India on Amazon.in. Check out Nike N150 Storm EDT N/S for Men  Green  150ml reviews  ratings  features  specifications and browse more Beauty products online at best prices on Amazon.in.,None,<div class="bucket" id="productDescription"> <h2>Product Description</h2> <div class="content"> <h3 class="productDescriptionSource"></h3> <div class="productDescriptionWrapper">        A gently refreshing fragrance which provides long lasting protection with unique active formula.              <div class="emptyClear"> </div> </div> </div> </div>,None,18:03:2014,None
B0083H24Y2,Nike N150 Spicy Love EDT for Women  Green  150ml,http://www.amazon.in/Fragrances/b/ref=sd_allcat_beauty_fragrance/276-6718833-1247838?ie=UTF8&node=1374298031,Rs. 999.00,Fragranc,Nike,Paco Rabanne,http://ecx.images-amazon.com/images/I/41k8cnCtJBL._AA160_.jpg,Rs. 999.00,self Colour,Beauty & Health,http://www.amazon.in/Nike-Spicy-Women-Green-150ml/dp/B0083H24Y2/ref=sr_1_43/275-1805524-5845351?s=beauty&ie=UTF8&qid=1395126871&sr=1-43,[<a class="buyAction" href="/gp/offer-listing/B0083H24Y2/ref=dp_olp_0/275-1805524-5845351?ie=UTF8&amp;condition=all">these sellers</a>],Amazon.in: Buy Nike N150 Spicy Love EDT for Women  Green  150ml Online at Best Price in India | Amazon Beauty Store,Buy Nike N150 Spicy Love EDT for Women  Green  150ml at lowest price in India on Amazon.in. Check out Nike N150 Spicy Love EDT for Women  Green  150ml reviews  ratings  features  specifications and browse more Beauty products online at best prices on Amazon.in.,None,None,None,18:03:2014,None
B00DRE1IS4,Nike N150 Woman Sweet Emotion EDT N/S for Women  Orange  150ml,http://www.amazon.in/Fragrances/b/ref=sd_allcat_beauty_fragrance/276-6718833-1247838?ie=UTF8&node=1374298031,Rs. 999.00,Fragranc,Nike,Paco Rabanne,http://ecx.images-amazon.com/images/I/41k8cnCtJBL._AA160_.jpg,Rs. 999.00,self Colour,Beauty & Health,http://www.amazon.in/Nike-Woman-Sweet-Emotion-Orange/dp/B00DRE1IS4/ref=sr_1_46/275-1805524-5845351?s=beauty&ie=UTF8&qid=1395126871&sr=1-46,[<a class="buyAction" href="/gp/offer-listing/B00DRE1IS4/ref=dp_olp_0/275-1805524-5845351?ie=UTF8&amp;condition=all">these sellers</a>],Amazon.in: Buy Nike N150 Woman Sweet Emotion EDT N/S for Women  Orange  150ml Online at Best Price in India | Amazon Beauty Store,Buy Nike N150 Woman Sweet Emotion EDT N/S for Women  Orange  150ml at lowest price in India on Amazon.in. Check out Nike N150 Woman Sweet Emotion EDT N/S for Women  Orange  150ml reviews  ratings  features  specifications and browse more Beauty products online at best prices on Amazon.in.,None,<div class="bucket" id="productDescription"> <h2>Product Description</h2> <div class="content"> <h3 class="productDescriptionSource"></h3> <div class="productDescriptionWrapper">        Nike fragrances greets you with fresh fragrances that are long lasting and smell divine. Add this to your perfume collection and put yourself in Nike Fragrances's expert care.              <div class="emptyClear"> </div> </div> </div> </div>,None,18:03:2014,None
B00DRE4I3G,Nike N150 Sensual Touch EDT for Women  Purple  150ml,http://www.amazon.in/Fragrances/b/ref=sd_allcat_beauty_fragrance/276-6718833-1247838?ie=UTF8&node=1374298031,Rs. 825.00,Fragranc,Nike,Paco Rabanne,http://ecx.images-amazon.com/images/I/41k8cnCtJBL._AA160_.jpg,Rs. 825.00,self Colour,Beauty & Health,http://www.amazon.in/Nike-Sensual-Touch-Women-Purple/dp/B00DRE4I3G/ref=sr_1_42/275-1805524-5845351?s=beauty&ie=UTF8&qid=1395126871&sr=1-42,[<a class="buyAction" href="/gp/offer-listing/B00DRE4I3G/ref=dp_olp_0/275-1805524-5845351?ie=UTF8&amp;condition=all">these sellers</a>],Amazon.in: Buy Nike N150 Sensual Touch EDT for Women  Purple  150ml Online at Best Price in India | Amazon Beauty Store,Buy Nike N150 Sensual Touch EDT for Women  Purple  150ml at lowest price in India on Amazon.in. Check out Nike N150 Sensual Touch EDT for Women  Purple  150ml reviews  ratings  features  specifications and browse more Beauty products online at best prices on Amazon.in.,None,<div class="bucket" id="productDescription"> <h2>Product Description</h2> <div class="content"> <h3 class="productDescriptionSource"></h3> <div class="productDescriptionWrapper">        A gently refreshing fragrance which provides long lasting protection with unique active formula.              <div class="emptyClear"> </div> </div> </div> </div>,None,18:03:2014,None
B00DRE1IAC,Nike N150 Scarlet Kiss Edt N/S for Women  Red  150ml,http://www.amazon.in/Fragrances/b/ref=sd_allcat_beauty_fragrance/276-6718833-1247838?ie=UTF8&node=1374298031,None,Fragranc,Nike,Paco Rabanne,http://ecx.images-amazon.com/images/I/41k8cnCtJBL._AA160_.jpg,None,self Colour,Beauty & Health,http://www.amazon.in/Nike-N150-Scarlet-Women-150ml/dp/B00DRE1IAC/ref=sr_1_41/275-1805524-5845351?s=beauty&ie=UTF8&qid=1395126871&sr=1-41,[<a href="/gp/help/seller/at-a-glance.html/275-1805524-5845351?ie=UTF8&amp;seller=A2NFQIUV2YGOLG">Fragume</a>],Amazon.in: Buy Nike N150 Scarlet Kiss Edt N/S for Women  Red  150ml Online at Best Price in India | Amazon Beauty Store,Buy Nike N150 Scarlet Kiss Edt N/S for Women  Red  150ml at lowest price in India on Amazon.in. Check out Nike N150 Scarlet Kiss Edt N/S for Women  Red  150ml reviews  ratings  features  specifications and browse more Beauty products online at best prices on Amazon.in.,None,<div class="bucket" id="productDescription"> <h2>Product Description</h2> <div class="content"> <h3 class="productDescriptionSource"></h3> <div class="productDescriptionWrapper">        Nike fragrances greets you with fresh fragrances that are long lasting and smell divine.              <div class="emptyClear"> </div> </div> </div> </div>,None,18:03:2014,None
B00DRE108M,Nike Pure EDT for Women  Blue  75ml,http://www.amazon.in/Fragrances/b/ref=sd_allcat_beauty_fragrance/276-6718833-1247838?ie=UTF8&node=1374298031,None,Fragranc,Nike,Paco Rabanne,http://ecx.images-amazon.com/images/I/41k8cnCtJBL._AA160_.jpg,None,self Colour,Beauty & Health,http://www.amazon.in/Nike-Pure-Women-Blue-75ml/dp/B00DRE108M/ref=sr_1_48/275-1805524-5845351?s=beauty&ie=UTF8&qid=1395126871&sr=1-48,[<a href="/gp/help/seller/at-a-glance.html/275-1805524-5845351?ie=UTF8&amp;seller=A2NFQIUV2YGOLG">Fragume</a>],Amazon.in: Buy Nike Pure EDT for Women  Blue  75ml Online at Best Price in India | Amazon Beauty Store,Buy Nike Pure EDT for Women  Blue  75ml at lowest price in India on Amazon.in. Check out Nike Pure EDT for Women  Blue  75ml reviews  ratings  features  specifications and browse more Beauty products online at best prices on Amazon.in.,None,None,None,18:03:2014,None
B00DRE485E,Nike Up Or Down Perf EDT for Men  Orange  75ml,http://www.amazon.in/Fragrances/b/ref=sd_allcat_beauty_fragrance/276-6718833-1247838?ie=UTF8&node=1374298031,Rs. 699.00,Fragranc,Nike,Paco Rabanne,http://ecx.images-amazon.com/images/I/41k8cnCtJBL._AA160_.jpg,Rs. 699.00,self Colour,Beauty & Health,http://www.amazon.in/Nike-Down-Perf-Orange-75ml/dp/B00DRE485E/ref=sr_1_49/275-1805524-5845351?s=beauty&ie=UTF8&qid=1395126879&sr=1-49,[<a class="buyAction" href="/gp/offer-listing/B00DRE485E/ref=dp_olp_0/275-1805524-5845351?ie=UTF8&amp;condition=all">these sellers</a>],Amazon.in: Buy Nike Up Or Down Perf EDT for Men  Orange  75ml Online at Best Price in India | Amazon Beauty Store,Buy Nike Up Or Down Perf EDT for Men  Orange  75ml at lowest price in India on Amazon.in. Check out Nike Up Or Down Perf EDT for Men  Orange  75ml reviews  ratings  features  specifications and browse more Beauty products online at best prices on Amazon.in.,None,<div class="bucket" id="productDescription"> <h2>Product Description</h2> <div class="content"> <h3 class="productDescriptionSource"></h3> <div class="productDescriptionWrapper">        Nike Up or Down is an Eau de Toilette Deodorant for men that offers long-lasting protection from body odors.              <div class="emptyClear"> </div> </div> </div> </div>,None,18:03:2014,None
B00BH4HP2O,One Million Eau De Toilette Spray 50ml,http://www.amazon.in/Fragrances/b/ref=sd_allcat_beauty_fragrance/276-6718833-1247838?ie=UTF8&node=1374298031,Rs. 4 425.00,Fragranc,Nike,Paco Rabanne,http://ecx.images-amazon.com/images/I/41k8cnCtJBL._AA160_.jpg,Rs. 4 425.00,self Colour,Beauty & Health,http://www.amazon.in/One-Million-Toilette-Spray-50ml/dp/B00BH4HP2O/ref=sr_1_52/275-1805524-5845351?s=beauty&ie=UTF8&qid=1395126879&sr=1-52,[<a class="buyAction" href="/gp/offer-listing/B00BH4HP2O/ref=dp_olp_0/275-1805524-5845351?ie=UTF8&amp;condition=all">these sellers</a>],Amazon.in: Buy One Million Eau De Toilette Spray 50ml Online at Best Price in India | Amazon Beauty Store,Buy One Million Eau De Toilette Spray 50ml at lowest price in India on Amazon.in. Check out One Million Eau De Toilette Spray 50ml reviews  ratings  features  specifications and browse more Beauty products online at best prices on Amazon.in.,None,None,None,18:03:2014,None
B00DRE1BZO,Nike N5Th Element Woman EDT Deo Spray for Women  Red  200ml,http://www.amazon.in/Fragrances/b/ref=sd_allcat_beauty_fragrance/276-6718833-1247838?ie=UTF8&node=1374298031,Rs. 769.00,Fragranc,Nike,Paco Rabanne,http://ecx.images-amazon.com/images/I/41k8cnCtJBL._AA160_.jpg,Rs. 769.00,self Colour,Beauty & Health,http://www.amazon.in/Nike-Element-Woman-Spray-Women/dp/B00DRE1BZO/ref=sr_1_47/275-1805524-5845351?s=beauty&ie=UTF8&qid=1395126871&sr=1-47,[<a class="buyAction" href="/gp/offer-listing/B00DRE1BZO/ref=dp_olp_0/275-1805524-5845351?ie=UTF8&amp;condition=all">these sellers</a>],Amazon.in: Buy Nike N5Th Element Woman EDT Deo Spray for Women  Red  200ml Online at Best Price in India | Amazon Beauty Store,Buy Nike N5Th Element Woman EDT Deo Spray for Women  Red  200ml at lowest price in India on Amazon.in. Check out Nike N5Th Element Woman EDT Deo Spray for Women  Red  200ml reviews  ratings  features  specifications and browse more Beauty products online at best prices on Amazon.in.,None,None,None,18:03:2014,None
B007GX5VEO,Paco rabanne black xs l exces for men  100ml,http://www.amazon.in/Fragrances/b/ref=sd_allcat_beauty_fragrance/276-6718833-1247838?ie=UTF8&node=1374298031,None,Fragranc,Nike,Paco Rabanne,http://ecx.images-amazon.com/images/I/41k8cnCtJBL._AA160_.jpg,None,self Colour,Beauty & Health,http://www.amazon.in/Paco-rabanne-black-exces-100ml/dp/B007GX5VEO/ref=sr_1_63/275-1805524-5845351?s=beauty&ie=UTF8&qid=1395126879&sr=1-63,[<a href="/gp/help/seller/at-a-glance.html/275-1805524-5845351?ie=UTF8&amp;seller=A2NFQIUV2YGOLG">Fragume</a>],Amazon.in: Buy Paco rabanne black xs l exces for men  100ml Online at Best Price in India | Amazon Beauty Store,Buy Paco rabanne black xs l exces for men  100ml at lowest price in India on Amazon.in. Check out Paco rabanne black xs l exces for men  100ml reviews  ratings  features  specifications and browse more Beauty products online at best prices on Amazon.in.,None,<div class="bucket" id="productDescription"> <h2>Product Description</h2> <div class="content"> <h3 class="productDescriptionSource"></h3> <div class="productDescriptionWrapper">        "A woody aromatic fragrance for men Vibrant intense sensual masculine charismatic Top notes of lemon lavender Heart notes of ozonic accord cypriol Base notes of amber wood patchouli Launched in 2012Product Line: Black Xs L excesProduct Size: 100ml 3.3oz"              <div class="emptyClear"> </div> </div> </div> </div>,None,18:03:2014,None
B007HXKLF2,Paco Rabanne Black Xs L'exces Eau De Parfum Spray for Women  80ml,http://www.amazon.in/Fragrances/b/ref=sd_allcat_beauty_fragrance/276-6718833-1247838?ie=UTF8&node=1374298031,None,Fragranc,Nike,Paco Rabanne,http://ecx.images-amazon.com/images/I/41k8cnCtJBL._AA160_.jpg,None,self Colour,Beauty & Health,http://www.amazon.in/Paco-Rabanne-Black-Lexces-Parfum/dp/B007HXKLF2/ref=sr_1_64/275-1805524-5845351?s=beauty&ie=UTF8&qid=1395126879&sr=1-64,[<a href="/gp/help/seller/at-a-glance.html/275-1805524-5845351?ie=UTF8&amp;seller=A2NFQIUV2YGOLG">Fragume</a>],Amazon.in: Buy Paco Rabanne Black Xs L'exces Eau De Parfum Spray for Women  80ml Online at Best Price in India | Amazon Beauty Store,Buy Paco Rabanne Black Xs L'exces Eau De Parfum Spray for Women  80ml at lowest price in India on Amazon.in. Check out Paco Rabanne Black Xs L'exces Eau De Parfum Spray for Women  80ml reviews  ratings  features  specifications and browse more Beauty products online at best prices on Amazon.in.,None,<div class="bucket" id="productDescription"> <h2>Product Description</h2> <div class="content"> <h3 class="productDescriptionSource"></h3> <div class="productDescriptionWrapper">        An excessively sensual oriental floral. A fusion of energy  the first notes of neroli and black pepper are electrifying; at the heart of the fragrance they pulse over a profusion of jasmine Queen of the Night and rose absolute. Mysterious and voluptuous  the base casts an addictive spell with an intoxicating overdose of cashmere wood.              <div class="emptyClear"> </div> </div> </div> </div>,None,18:03:2014,None
B000VVG9KI,Paco Rabanne Black Xs Her Edt 50 ml.,http://www.amazon.in/Fragrances/b/ref=sd_allcat_beauty_fragrance/276-6718833-1247838?ie=UTF8&node=1374298031,Rs. 3 450.00,Fragranc,Nike,Paco Rabanne,http://ecx.images-amazon.com/images/I/41k8cnCtJBL._AA160_.jpg,Rs. 3 450.00,self Colour,Beauty & Health,http://www.amazon.in/Paco-Rabanne-Black-Her-Edt/dp/B000VVG9KI/ref=sr_1_62/275-1805524-5845351?s=beauty&ie=UTF8&qid=1395126879&sr=1-62,[<a class="buyAction" href="/gp/offer-listing/B000VVG9KI/ref=dp_olp_0/275-1805524-5845351?ie=UTF8&amp;condition=all">these sellers</a>],Amazon.in: Buy Paco Rabanne Black Xs Her Edt 50 ml. Online at Best Price in India | Amazon Beauty Store,Buy Paco Rabanne Black Xs Her Edt 50 ml. at lowest price in India on Amazon.in. Check out Paco Rabanne Black Xs Her Edt 50 ml. reviews  ratings  features  specifications and browse more Beauty products online at best prices on Amazon.in.,None,<div class="bucket" id="productDescription"> <h2>Product Description</h2> <div class="content"> <h3 class="productDescriptionSource"></h3> <div class="productDescriptionWrapper">        Make your better half feel special with this perfume by Paco Rabanne. This perfume comes in a beautiful crystal bottle in purple colour  adorned with a rose on it. This bottle will definitely give you a feeling of a princess. Gelled with top notes of cranberry  pink peppercorn and tamarind  this perfume is designed for daily wear. Its middle notes are dressed with a flavour of Hellebore noir rose  black violet and cocoa blossom. Its bottom notes are gelled with patchouli  massoia wood and vanilla. It is for the confident contemporary women of today. Paco Rabanne Black XS for Her Eau de Toilette contains enchanting ingredients which radiate at the top with the audacious and cheerful tamarind flower. You can make your evenings even more romantic and sexy with this Paco Rabanne Black Xs perfume.              <div class="emptyClear"> </div> </div> </div> </div>,None,18:03:2014,None
B000CNKIUC,PACO RABANNE by Paco Rabanne Eau De Toilette Spray 1 oz for Men,http://www.amazon.in/Fragrances/b/ref=sd_allcat_beauty_fragrance/276-6718833-1247838?ie=UTF8&node=1374298031,None,Fragranc,Nike,Paco Rabanne,http://ecx.images-amazon.com/images/I/41k8cnCtJBL._AA160_.jpg,None,self Colour,Beauty & Health,http://www.amazon.in/RABANNE-Paco-Rabanne-Toilette-Spray/dp/B000CNKIUC/ref=sr_1_65/275-1805524-5845351?s=beauty&ie=UTF8&qid=1395126879&sr=1-65,[<a href="/gp/help/seller/at-a-glance.html/275-1805524-5845351?ie=UTF8&amp;seller=A2NFQIUV2YGOLG">Fragume</a>],Amazon.in: Buy PACO RABANNE by Paco Rabanne Eau De Toilette Spray 1 oz for Men Online at Best Price in India | Amazon Beauty Store,Buy PACO RABANNE by Paco Rabanne Eau De Toilette Spray 1 oz for Men at lowest price in India on Amazon.in. Check out PACO RABANNE by Paco Rabanne Eau De Toilette Spray 1 oz for Men reviews  ratings  features  specifications and browse more Beauty products online at best prices on Amazon.in.,None,<div class="bucket" id="productDescription"> <h2>Product Description</h2> <div class="content"> <h3 class="productDescriptionSource"></h3> <div class="productDescriptionWrapper">        Design House: Paco Rabanne  Year Introduced: 1973  Recommended Use: Casual  Recommended Use: Casual              <div class="emptyClear"> </div> </div> </div> </div>,None,18:03:2014,None
B000LRFX54,Paco Rabanne For Men By - 3.4 Oz Edt Spray,http://www.amazon.in/Fragrances/b/ref=sd_allcat_beauty_fragrance/276-6718833-1247838?ie=UTF8&node=1374298031,Rs. 5 056.00,Fragranc,Nike,Paco Rabanne,http://ecx.images-amazon.com/images/I/41k8cnCtJBL._AA160_.jpg,Rs. 5 056.00,self Colour,Beauty & Health,http://www.amazon.in/Paco-Rabanne-For-Men-By/dp/B000LRFX54/ref=sr_1_72/275-1805524-5845351?s=beauty&ie=UTF8&qid=1395126879&sr=1-72,[<a class="buyAction" href="/gp/offer-listing/B000LRFX54/ref=dp_olp_0/275-1805524-5845351?ie=UTF8&amp;condition=all">these sellers</a>],Amazon.in: Buy Paco Rabanne For Men By - 3.4 Oz Edt Spray Online at Best Price in India | Amazon Beauty Store,Buy Paco Rabanne For Men By - 3.4 Oz Edt Spray at lowest price in India on Amazon.in. Check out Paco Rabanne For Men By - 3.4 Oz Edt Spray reviews  ratings  features  specifications and browse more Beauty products online at best prices on Amazon.in.,None,<div class="bucket" id="productDescription"> <h2>Product Description</h2> <div class="content"> <h3 class="productDescriptionSource"></h3> <div class="productDescriptionWrapper">        Citrus  Floral  Powdery. Discovered In 1973  Paco Rabanne Cologne For Men Is A Elegant  Spicy  Lavender  Amber Fragrance. This Fine Fragrance Contains Rosemary  Lavender  Bergamot And Is Accented With Sage  Carnation And Cedar Making Paco Rabanne Cologne Perfect For Casual And Formal Use.              <div class="emptyClear"> </div> </div> </div> </div>,None,18:03:2014,None
B009JCU0VE,Paco Rabanne Lady Million Eau De Toilette Spray For Women 80Ml/2.7Oz,http://www.amazon.in/Fragrances/b/ref=sd_allcat_beauty_fragrance/276-6718833-1247838?ie=UTF8&node=1374298031,Rs. 3 980.00,Fragranc,Nike,Paco Rabanne,http://ecx.images-amazon.com/images/I/41k8cnCtJBL._AA160_.jpg,Rs. 3 980.00,self Colour,Beauty & Health,http://www.amazon.in/Paco-Rabanne-Million-Toilette-Spray/dp/B009JCU0VE/ref=sr_1_78/275-1805524-5845351?s=beauty&ie=UTF8&qid=1395126885&sr=1-78,[<a class="buyAction" href="/gp/offer-listing/B009JCU0VE/ref=dp_olp_0/275-1805524-5845351?ie=UTF8&amp;condition=all">these sellers</a>],Amazon.in: Buy Paco Rabanne Lady Million Eau De Toilette Spray For Women 80Ml/2.7Oz Online at Best Price in India | Amazon Beauty Store,Buy Paco Rabanne Lady Million Eau De Toilette Spray For Women 80Ml/2.7Oz at lowest price in India on Amazon.in. Check out Paco Rabanne Lady Million Eau De Toilette Spray For Women 80Ml/2.7Oz reviews  ratings  features  specifications and browse more Beauty products online at best prices on Amazon.in.,None,None,None,18:03:2014,None
B00AU90D9O,Paco Rabanne Lady Million By Paco Rabanne For Women Edt Spray 1.7 Oz,http://www.amazon.in/Fragrances/b/ref=sd_allcat_beauty_fragrance/276-6718833-1247838?ie=UTF8&node=1374298031,Rs. 3 790.00,Fragranc,Nike,Paco Rabanne,http://ecx.images-amazon.com/images/I/41k8cnCtJBL._AA160_.jpg,Rs. 3 790.00,self Colour,Beauty & Health,http://www.amazon.in/Paco-Rabanne-Million-Women-Spray/dp/B00AU90D9O/ref=sr_1_77/275-1805524-5845351?s=beauty&ie=UTF8&qid=1395126885&sr=1-77,[<a class="buyAction" href="/gp/offer-listing/B00AU90D9O/ref=dp_olp_0/275-1805524-5845351?ie=UTF8&amp;condition=all">these sellers</a>],Amazon.in: Buy Paco Rabanne Lady Million By Paco Rabanne For Women Edt Spray 1.7 Oz Online at Best Price in India | Amazon Beauty Store,Buy Paco Rabanne Lady Million By Paco Rabanne For Women Edt Spray 1.7 Oz at lowest price in India on Amazon.in. Check out Paco Rabanne Lady Million By Paco Rabanne For Women Edt Spray 1.7 Oz reviews  ratings  features  specifications and browse more Beauty products online at best prices on Amazon.in.,None,None,None,18:03:2014,None
B004U8RWX6,Paco Rabanne Lady Million EDP 80ml Gift Set,http://www.amazon.in/Fragrances/b/ref=sd_allcat_beauty_fragrance/276-6718833-1247838?ie=UTF8&node=1374298031,Rs. 6 099.00,Fragranc,Nike,Paco Rabanne,http://ecx.images-amazon.com/images/I/41k8cnCtJBL._AA160_.jpg,Rs. 6 099.00,self Colour,Beauty & Health,http://www.amazon.in/Paco-Rabanne-Lady-Million-80ml/dp/B004U8RWX6/ref=sr_1_79/275-1805524-5845351?s=beauty&ie=UTF8&qid=1395126885&sr=1-79,[<a class="buyAction" href="/gp/offer-listing/B004U8RWX6/ref=dp_olp_0/275-1805524-5845351?ie=UTF8&amp;condition=all">these sellers</a>],Amazon.in: Buy Paco Rabanne Lady Million EDP 80ml Gift Set Online at Best Price in India | Amazon Beauty Store,Buy Paco Rabanne Lady Million EDP 80ml Gift Set at lowest price in India on Amazon.in. Check out Paco Rabanne Lady Million EDP 80ml Gift Set reviews  ratings  features  specifications and browse more Beauty products online at best prices on Amazon.in.,None,<div class="bucket" id="productDescription"> <h2>Product Description</h2> <div class="content"> <h3 class="productDescriptionSource"></h3> <div class="productDescriptionWrapper">        Lady Million by Paco Rabanne for Women 2 Pc Gift Set 3.2oz 80ml EDP Spray  3.4oz 100ml Body Lotion Designer: Paco Rabanne Gender: Women Sizer: 2 Pc Gift Set Type: 3.2oz EDP Spray  3.4oz Body Lotion Description:  Paco Rabanne Lady Million is a fresh  floral and woody fragrance for women The Lady Million woman is dazzling  always seductive Top notes: sweet orange  fleshy raspberry Paco Rabanne Lady Million is perfectly clear that the woman represented by this edition radiates  dominates and possesses fiery character with incredible sensuality Instead of gold bullion  the flacon for women is designed as a golden diamond Heart notes Neroli  Orange flower  Arabian Jasmine      Top notes Bitter orange  Fleshy raspberry     Base notes Honey  Vibrant patchouli      Scent Floral      Feel Glamorous              <div class="emptyClear"> </div> </div> </div> </div>,None,18:03:2014,None
B0098S0CO4,Paco Rabanne Lady Million Edt 50 ml.,http://www.amazon.in/Fragrances/b/ref=sd_allcat_beauty_fragrance/276-6718833-1247838?ie=UTF8&node=1374298031,None,Fragranc,Nike,Paco Rabanne,http://ecx.images-amazon.com/images/I/41k8cnCtJBL._AA160_.jpg,None,self Colour,Beauty & Health,http://www.amazon.in/Paco-Rabanne-Lady-Million-Edt/dp/B0098S0CO4/ref=sr_1_80/275-1805524-5845351?s=beauty&ie=UTF8&qid=1395126885&sr=1-80,[<a href="/gp/help/seller/at-a-glance.html/275-1805524-5845351?ie=UTF8&amp;seller=A2NFQIUV2YGOLG">Fragume</a>],Amazon.in: Buy Paco Rabanne Lady Million Edt 50 ml. Online at Best Price in India | Amazon Beauty Store,Buy Paco Rabanne Lady Million Edt 50 ml. at lowest price in India on Amazon.in. Check out Paco Rabanne Lady Million Edt 50 ml. reviews  ratings  features  specifications and browse more Beauty products online at best prices on Amazon.in.,None,<div class="bucket" id="productDescription"> <h2>Product Description</h2> <div class="content"> <h3 class="productDescriptionSource"></h3> <div class="productDescriptionWrapper">        Design House: Paco Rabanne  Year Introduced: 2010  Recommended Use: Casual  Recommended Use: Casual              <div class="emptyClear"> </div> </div> </div> </div>,None,18:03:2014,None
B008HFWLCU,Paco Rabanne Lady Million EDT for Women  80ml,http://www.amazon.in/Fragrances/b/ref=sd_allcat_beauty_fragrance/276-6718833-1247838?ie=UTF8&node=1374298031,None,Fragranc,Nike,Paco Rabanne,http://ecx.images-amazon.com/images/I/41k8cnCtJBL._AA160_.jpg,None,self Colour,Beauty & Health,http://www.amazon.in/Paco-Rabanne-Lady-Million-Women/dp/B008HFWLCU/ref=sr_1_81/275-1805524-5845351?s=beauty&ie=UTF8&qid=1395126885&sr=1-81,[<a href="/gp/help/seller/at-a-glance.html/275-1805524-5845351?ie=UTF8&amp;seller=A2NFQIUV2YGOLG">Fragume</a>],Amazon.in: Buy Paco Rabanne Lady Million EDT for Women  80ml Online at Best Price in India | Amazon Beauty Store,Buy Paco Rabanne Lady Million EDT for Women  80ml at lowest price in India on Amazon.in. Check out Paco Rabanne Lady Million EDT for Women  80ml reviews  ratings  features  specifications and browse more Beauty products online at best prices on Amazon.in.,None,<div class="bucket" id="productDescription"> <h2>Product Description</h2> <div class="content"> <h3 class="productDescriptionSource"></h3> <div class="productDescriptionWrapper">        Determined  brilliant and playful  Lady Million leads the way. More audacious and determined than ever  Lady Million is unpredictable. An independent woman  she presents herself as the manâs equal  without losing an ounce of femininity  quite the contrary.              <div class="emptyClear"> </div> </div> </div> </div>,None,18:03:2014,None
B0084YCYDU,Paco Rabanne Paco Rabanne Men 100ML EDT,http://www.amazon.in/Fragrances/b/ref=sd_allcat_beauty_fragrance/276-6718833-1247838?ie=UTF8&node=1374298031,Rs. 4 398.00,Fragranc,Nike,Paco Rabanne,http://ecx.images-amazon.com/images/I/41k8cnCtJBL._AA160_.jpg,Rs. 4 398.00,self Colour,Beauty & Health,http://www.amazon.in/Paco-Rabanne-Men-100ML-EDT/dp/B0084YCYDU/ref=sr_1_85/275-1805524-5845351?s=beauty&ie=UTF8&qid=1395126885&sr=1-85,[<a class="buyAction" href="/gp/offer-listing/B0084YCYDU/ref=dp_olp_0/275-1805524-5845351?ie=UTF8&amp;condition=all">these sellers</a>],Amazon.in: Buy Paco Rabanne Paco Rabanne Men 100ML EDT Online at Best Price in India | Amazon Beauty Store,Buy Paco Rabanne Paco Rabanne Men 100ML EDT at lowest price in India on Amazon.in. Check out Paco Rabanne Paco Rabanne Men 100ML EDT reviews  ratings  features  specifications and browse more Beauty products online at best prices on Amazon.in.,None,None,None,18:03:2014,None
B0009OAGS8,Paco Rabanne Pour Homme By Paco Rabanne For Men 100 ml,http://www.amazon.in/Fragrances/b/ref=sd_allcat_beauty_fragrance/276-6718833-1247838?ie=UTF8&node=1374298031,Rs. 3 900.00,Fragranc,Nike,Paco Rabanne,http://ecx.images-amazon.com/images/I/41k8cnCtJBL._AA160_.jpg,Rs. 3 900.00,self Colour,Beauty & Health,http://www.amazon.in/Paco-Rabanne-Pour-Homme-For/dp/B0009OAGS8/ref=sr_1_86/275-1805524-5845351?s=beauty&ie=UTF8&qid=1395126885&sr=1-86,[<a class="buyAction" href="/gp/offer-listing/B0009OAGS8/ref=dp_olp_0/275-1805524-5845351?ie=UTF8&amp;condition=all">these sellers</a>],Amazon.in: Buy Paco Rabanne Pour Homme By Paco Rabanne For Men 100 ml Online at Best Price in India | Amazon Beauty Store,Buy Paco Rabanne Pour Homme By Paco Rabanne For Men 100 ml at lowest price in India on Amazon.in. Check out Paco Rabanne Pour Homme By Paco Rabanne For Men 100 ml reviews  ratings  features  specifications and browse more Beauty products online at best prices on Amazon.in.,None,<div class="bucket" id="productDescription"> <h2>Product Description</h2> <div class="content"> <h3 class="productDescriptionSource"></h3> <div class="productDescriptionWrapper">        Size: 100mlScent: SpicyBest for Day wearLaunch: 1973100% Original Paco Rabanne Pour HommeFor: MenSize: 100ml              <div class="emptyClear"> </div> </div> </div> </div>,None,18:03:2014,None
B004V42130,Paco Rabanne Pour Homme Edt 100Ml,http://www.amazon.in/Fragrances/b/ref=sd_allcat_beauty_fragrance/276-6718833-1247838?ie=UTF8&node=1374298031,None,Fragranc,Nike,Paco Rabanne,http://ecx.images-amazon.com/images/I/41k8cnCtJBL._AA160_.jpg,None,self Colour,Beauty & Health,http://www.amazon.in/Paco-Rabanne-Pour-Homme-100Ml/dp/B004V42130/ref=sr_1_87/275-1805524-5845351?s=beauty&ie=UTF8&qid=1395126885&sr=1-87,[<a href="/gp/help/seller/at-a-glance.html/275-1805524-5845351?ie=UTF8&amp;seller=A2NFQIUV2YGOLG">Fragume</a>],Amazon.in: Buy Paco Rabanne Pour Homme Edt 100Ml Online at Best Price in India | Amazon Beauty Store,Buy Paco Rabanne Pour Homme Edt 100Ml at lowest price in India on Amazon.in. Check out Paco Rabanne Pour Homme Edt 100Ml reviews  ratings  features  specifications and browse more Beauty products online at best prices on Amazon.in.,None,<div class="bucket" id="productDescription"> <h2>Product Description</h2> <div class="content"> <h3 class="productDescriptionSource"></h3> <div class="productDescriptionWrapper">        Launched in 1993   XS Pour Homme is a refreshing  woody  mossy fragrance recommended for daytime wear. It has top notes of mint  coriander and watermelon  middle notes of citrus  geranium and cedar and base notes of sage  oak moss and musk              <div class="emptyClear"> </div> </div> </div> </div>,None,18:03:2014,None
B000C217U8,Paco Rabanne Pour Homme for Men  100ml,http://www.amazon.in/Fragrances/b/ref=sd_allcat_beauty_fragrance/276-6718833-1247838?ie=UTF8&node=1374298031,None,Fragranc,Nike,Paco Rabanne,http://ecx.images-amazon.com/images/I/41k8cnCtJBL._AA160_.jpg,None,self Colour,Beauty & Health,http://www.amazon.in/Paco-Rabanne-Pour-Homme-100ml/dp/B000C217U8/ref=sr_1_88/275-1805524-5845351?s=beauty&ie=UTF8&qid=1395126885&sr=1-88,[<a href="/gp/help/seller/at-a-glance.html/275-1805524-5845351?ie=UTF8&amp;seller=A2NFQIUV2YGOLG">Fragume</a>],Amazon.in: Buy Paco Rabanne Pour Homme for Men  100ml Online at Best Price in India | Amazon Beauty Store,Buy Paco Rabanne Pour Homme for Men  100ml at lowest price in India on Amazon.in. Check out Paco Rabanne Pour Homme for Men  100ml reviews  ratings  features  specifications and browse more Beauty products online at best prices on Amazon.in.,None,<div class="bucket" id="productDescription"> <h2>Product Description</h2> <div class="content"> <h3 class="productDescriptionSource"></h3> <div class="productDescriptionWrapper">        Introduced in 1973. Fragrance notes: rich and spicy an exciting blend manly and inviting. Recommended use: casual.When applying any fragrance please consider that there are several factors which can affect the natural smell of your skin and in turn the way a scent smells on you. For instance your mood stress level age body chemistry diet and current medications may all alter the scents you wear. Similarly factor such as dry or oily skin can even affect the amount of time a fragrance will last after being appliedFeatures1) Packaging for this product may vary from that shown in the image above2) This item is not for sale in Catalina Island              <div class="emptyClear"> </div> </div> </div> </div>,None,18:03:2014,None
B000PY2GPI,Paco Rabanne Ultraviolet Eau De Toilette Spray for Men  50ml,http://www.amazon.in/Fragrances/b/ref=sd_allcat_beauty_fragrance/276-6718833-1247838?ie=UTF8&node=1374298031,None,Fragranc,Nike,Paco Rabanne,http://ecx.images-amazon.com/images/I/41k8cnCtJBL._AA160_.jpg,None,self Colour,Beauty & Health,http://www.amazon.in/Paco-Rabanne-Ultraviolet-Toilette-Spray/dp/B000PY2GPI/ref=sr_1_89/275-1805524-5845351?s=beauty&ie=UTF8&qid=1395126885&sr=1-89,[<a href="/gp/help/seller/at-a-glance.html/275-1805524-5845351?ie=UTF8&amp;seller=A22G8HZGXYSWPZ">Taha &amp; Bros.</a>],Amazon.in: Buy Paco Rabanne Ultraviolet Eau De Toilette Spray for Men  50ml Online at Best Price in India | Amazon Beauty Store,Buy Paco Rabanne Ultraviolet Eau De Toilette Spray for Men  50ml at lowest price in India on Amazon.in. Check out Paco Rabanne Ultraviolet Eau De Toilette Spray for Men  50ml reviews  ratings  features  specifications and browse more Beauty products online at best prices on Amazon.in.,None,<div class="bucket" id="productDescription"> <h2>Product Description</h2> <div class="content"> <h3 class="productDescriptionSource"></h3> <div class="productDescriptionWrapper">        Introduced in 2000. Fragrance notes: a woodsy scent  blended with vanilla and florals. Recommended use: evening. WhenÂ applyingÂ any fragrance please consider that there are several factors which can affect the natural smell of your skin and  in turn  the way a scent smells on you.Â For instance  your mood  stress level  age  body chemistry Â diet and current medications may all alter the scents you wear.Â Similarly  factor such as dry or oilyÂ skin can even affect the amount of time a fragrance will last after being applied.              <div class="emptyClear"> </div> </div> </div> </div>,None,18:03:2014,None
B0084YCZ2A,Paco Rabanne Ultraviolet Women 80ML EDP,http://www.amazon.in/Fragrances/b/ref=sd_allcat_beauty_fragrance/276-6718833-1247838?ie=UTF8&node=1374298031,Rs. 2 499.00,Fragranc,Nike,Paco Rabanne,http://ecx.images-amazon.com/images/I/41k8cnCtJBL._AA160_.jpg,Rs. 2 499.00,self Colour,Beauty & Health,http://www.amazon.in/Paco-Rabanne-Ultraviolet-Women-80ML/dp/B0084YCZ2A/ref=sr_1_91/275-1805524-5845351?s=beauty&ie=UTF8&qid=1395126885&sr=1-91,[<a class="buyAction" href="/gp/offer-listing/B0084YCZ2A/ref=dp_olp_0/275-1805524-5845351?ie=UTF8&amp;condition=all">these sellers</a>],Amazon.in: Buy Paco Rabanne Ultraviolet Women 80ML EDP Online at Best Price in India | Amazon Beauty Store,Buy Paco Rabanne Ultraviolet Women 80ML EDP at lowest price in India on Amazon.in. Check out Paco Rabanne Ultraviolet Women 80ML EDP reviews  ratings  features  specifications and browse more Beauty products online at best prices on Amazon.in.,None,None,None,18:03:2014,None
B000KKBG1W,PACO RABANNE XS MEN 100ML,http://www.amazon.in/Fragrances/b/ref=sd_allcat_beauty_fragrance/276-6718833-1247838?ie=UTF8&node=1374298031,None,Fragranc,Nike,Paco Rabanne,http://ecx.images-amazon.com/images/I/41k8cnCtJBL._AA160_.jpg,None,self Colour,Beauty & Health,http://www.amazon.in/PACO-RABANNE-XS-MEN-100ML/dp/B000KKBG1W/ref=sr_1_95/275-1805524-5845351?s=beauty&ie=UTF8&qid=1395126885&sr=1-95,[<a href="/gp/help/seller/at-a-glance.html/275-1805524-5845351?ie=UTF8&amp;seller=A2NFQIUV2YGOLG">Fragume</a>],Amazon.in: Buy PACO RABANNE XS MEN 100ML Online at Best Price in India | Amazon Beauty Store,Buy PACO RABANNE XS MEN 100ML at lowest price in India on Amazon.in. Check out PACO RABANNE XS MEN 100ML reviews  ratings  features  specifications and browse more Beauty products online at best prices on Amazon.in.,None,<div class="bucket" id="productDescription"> <h2>Product Description</h2> <div class="content"> <h3 class="productDescriptionSource"></h3> <div class="productDescriptionWrapper">        EDT SPRAY 1.7 OZ Design House: Paco Rabanne Year Introduced: 2005 Fragrance Notes: Praline Lemon Kalamanzi Tag?te Sage Cinnamon Black Cardamom Rosewood Tolu Balm Ebony Patchouli Black Amber CalabrianFeatures1) Black XS by Paco Rabanne Eau De Toilette Spray 1.7 oz for Men2) Black XS by Paco Rabanne for Men3) Eau De Toilette Spray 1.7 oz4) Packaging for this product may vary from that shown in the image above5) 100% Authentic Brand Name Merchandise!              <div class="emptyClear"> </div> </div> </div> </div>,None,18:03:2014,None
B001FWXIMY,Ultrared By Paco Rabanne For Women 90 ml,http://www.amazon.in/Fragrances/b/ref=sd_allcat_beauty_fragrance/276-6718833-1247838?ie=UTF8&node=1374298031,Rs. 4 609.00,Fragranc,Nike,Paco Rabanne,http://ecx.images-amazon.com/images/I/41k8cnCtJBL._AA160_.jpg,Rs. 4 609.00,self Colour,Beauty & Health,http://www.amazon.in/Ultrared-Paco-Rabanne-For-Women/dp/B001FWXIMY/ref=sr_1_97/275-1805524-5845351?s=beauty&ie=UTF8&qid=1395126897&sr=1-97,[<a class="buyAction" href="/gp/offer-listing/B001FWXIMY/ref=dp_olp_0/275-1805524-5845351?ie=UTF8&amp;condition=all">these sellers</a>],Ultrared By Paco Rabanne For Women 90 ml: Amazon.in: Beauty,Ultrared By Paco Rabanne For Women 90 ml: Amazon.in: Beauty,None,<div class="bucket" id="productDescription"> <h2>Product Description</h2> <div class="content"> <h3 class="productDescriptionSource"></h3> <div class="productDescriptionWrapper">        Design House: Paco Rabanne  Year Introduced: 2008  Recommended Use: Casual  Recommended Use: Casual              <div class="emptyClear"> </div> </div> </div> </div>,None,18:03:2014,None
B00FR97YE4,Nike N150 Scarlet Kiss EDT Deo Spray for Women  Red  200ml,http://www.amazon.in/Fragrances/b/ref=sd_allcat_beauty_fragrance/276-6718833-1247838?ie=UTF8&node=1374298031,Rs. 340.00,Fragranc,Nike,Paco Rabanne,http://ecx.images-amazon.com/images/I/41k8cnCtJBL._AA160_.jpg,Rs. 340.00,self Colour,Beauty & Health,http://www.amazon.in/Nike-Scarlet-Spray-Women-200ml/dp/B00FR97YE4/ref=sr_1_40/275-1805524-5845351?s=beauty&ie=UTF8&qid=1395126871&sr=1-40,[<a class="buyAction" href="/gp/offer-listing/B00FR97YE4/ref=dp_olp_0/275-1805524-5845351?ie=UTF8&amp;condition=all">these sellers</a>],Amazon.in: Buy Nike N150 Scarlet Kiss EDT Deo Spray for Women  Red  200ml Online at Best Price in India | Amazon Beauty Store,Buy Nike N150 Scarlet Kiss EDT Deo Spray for Women  Red  200ml at lowest price in India on Amazon.in. Check out Nike N150 Scarlet Kiss EDT Deo Spray for Women  Red  200ml reviews  ratings  features  specifications and browse more Beauty products online at best prices on Amazon.in.,None,<div class="bucket" id="productDescription"> <h2>Product Description</h2> <div class="content"> <h3 class="productDescriptionSource"></h3> <div class="productDescriptionWrapper">        For the top notes an heady alchemy of citrus  bergamot and mandarin  combined with a touch that softens the delicate violet floral note. The heart opens up an attractive bouquet dominated by jasmine Sambac  the gardenia  iris elegance and transparency of rosebuds. The bottom notes contain the soul of the fragrance  a sublime vanilla notes  intense and sweetly feminine  surrounded by the warmth of the wood of cedar  sandalwood and soft balsamic notes.              <div class="emptyClear"> </div> </div> </div> </div>,None,18:03:2014,None
B000UI9G7K,Paco Rabanne By Paco Rabanne Edt Spray 201 ml,http://www.amazon.in/Fragrances/b/ref=sd_allcat_beauty_fragrance/276-6718833-1247838?ie=UTF8&node=1374298031,Rs. 3 750.00,Fragranc,Nike,Paco Rabanne,http://ecx.images-amazon.com/images/I/41k8cnCtJBL._AA160_.jpg,Rs. 3 750.00,self Colour,Beauty & Health,http://www.amazon.in/Paco-Rabanne-Edt-Spray-201/dp/B000UI9G7K/ref=sr_1_67/275-1805524-5845351?s=beauty&ie=UTF8&qid=1395126879&sr=1-67,[<a class="buyAction" href="/gp/offer-listing/B000UI9G7K/ref=dp_olp_0/275-1805524-5845351?ie=UTF8&amp;condition=all">these sellers</a>],Amazon.in: Buy Paco Rabanne By Paco Rabanne Edt Spray 201 ml at Low Prices in India | Beauty Store,Buy Paco Rabanne By Paco Rabanne Edt Spray 201 ml at low prices in India on Amazon.in. Check out Paco Rabanne By Paco Rabanne Edt Spray 201 ml reviews  ratings  features  specifications and browse more Beauty products online at best prices on Amazon.in.,None,<div class="bucket" id="productDescription"> <h2>Product Description</h2> <div class="content"> <h3 class="productDescriptionSource"></h3> <div class="productDescriptionWrapper">        Design House: Paco Rabanne  Year Introduced: 1973  Recommended Use: Casual  Recommended Use: Casual              <div class="emptyClear"> </div> </div> </div> </div>,None,18:03:2014,None
B0084YCXO0,Paco Rabanne Black XS For Her Women 80ML EDT,http://www.amazon.in/Fragrances/b/ref=sd_allcat_beauty_fragrance/276-6718833-1247838?ie=UTF8&node=1374298031,None,Fragranc,Nike,Paco Rabanne,http://ecx.images-amazon.com/images/I/41k8cnCtJBL._AA160_.jpg,None,self Colour,Beauty & Health,http://www.amazon.in/Paco-Rabanne-Black-Women-80ML/dp/B0084YCXO0/ref=sr_1_61/275-1805524-5845351?s=beauty&ie=UTF8&qid=1395126879&sr=1-61,[<a href="/gp/help/seller/at-a-glance.html/275-1805524-5845351?ie=UTF8&amp;seller=A2NFQIUV2YGOLG">Fragume</a>],Amazon.in: Buy Paco Rabanne Black XS For Her Women 80ML EDT Online at Best Price in India | Amazon Beauty Store,Buy Paco Rabanne Black XS For Her Women 80ML EDT at lowest price in India on Amazon.in. Check out Paco Rabanne Black XS For Her Women 80ML EDT reviews  ratings  features  specifications and browse more Beauty products online at best prices on Amazon.in.,None,None,None,18:03:2014,None
B0084Z9IH4,Paco Rabanne Lady Million Women 80ML EDP,http://www.amazon.in/Fragrances/b/ref=sd_allcat_beauty_fragrance/276-6718833-1247838?ie=UTF8&node=1374298031,None,Fragranc,Nike,Paco Rabanne,http://ecx.images-amazon.com/images/I/41k8cnCtJBL._AA160_.jpg,None,self Colour,Beauty & Health,http://www.amazon.in/Paco-Rabanne-Lady-Million-Women/dp/B0084Z9IH4/ref=sr_1_83/275-1805524-5845351?s=beauty&ie=UTF8&qid=1395126885&sr=1-83,[<a href="/gp/help/seller/at-a-glance.html/275-1805524-5845351?ie=UTF8&amp;seller=A2NFQIUV2YGOLG">Fragume</a>],Amazon.in: Buy Paco Rabanne Lady Million Women 80ML EDP Online at Best Price in India | Amazon Beauty Store,Buy Paco Rabanne Lady Million Women 80ML EDP at lowest price in India on Amazon.in. Check out Paco Rabanne Lady Million Women 80ML EDP reviews  ratings  features  specifications and browse more Beauty products online at best prices on Amazon.in.,None,None,None,18:03:2014,None
