B0084YCG4W,Hugo Boss Deep Red  Eau de Parfum for Women  90ml,http://www.amazon.in/Fragrances/b/ref=sd_allcat_beauty_fragrance/276-6718833-1247838?ie=UTF8&node=1374298031,None,Fragranc,Hugo Boss,Antonio Banderas,http://ecx.images-amazon.com/images/I/41ifdWzXCfL._AA160_.jpg,None,self Colour,Beauty & Health,http://www.amazon.in/Hugo-Boss-Deep-Parfum-Women/dp/B0084YCG4W/ref=sr_1_7/277-4658235-3113560?s=beauty&ie=UTF8&qid=1395126883&sr=1-7,[<a href="/gp/help/seller/at-a-glance.html/277-4658235-3113560?ie=UTF8&amp;seller=A3ES9F57NVVRIK">MyLuckyScent</a>],Amazon.in: Buy Hugo Boss Deep Red Eau de Parfum for Women  90ml Online at Best Price in India | Amazon Beauty Store,Buy Hugo Boss Deep Red Eau de Parfum for Women  90ml at lowest price in India on Amazon.in. Check out Hugo Boss Deep Red Eau de Parfum for Women  90ml reviews  ratings  features  specifications and browse more Beauty products online at best prices on Amazon.in.,None,<div class="bucket" id="productDescription"> <h2>Product Description</h2> <div class="content"> <h3 class="productDescriptionSource"></h3> <div class="productDescriptionWrapper">        It features notes of green and sensuous  with Citrus  Woods and Spices. When applying any fragrance please consider that there are several factors which can affect the natural smell of your skin and in turn  the way a scent smells on you. For instance  your mood  stress level  age  body chemistry  diet  and current medications may all alter the scents you wear. Similarly  factor such as dry or oily skin can even affect the amount of time a fragrance will last after being applied.              <div class="emptyClear"> </div> </div> </div> </div>,None,18:03:2014,None
B00G24WE16,Seduction In Black By Antonio Banderas For Men 100 ml,http://www.amazon.in/Fragrances/b/ref=sd_allcat_beauty_fragrance/276-6718833-1247838?ie=UTF8&node=1374298031,None,Fragranc,Hugo Boss,Antonio Banderas,http://ecx.images-amazon.com/images/I/41ifdWzXCfL._AA160_.jpg,None,self Colour,Beauty & Health,http://www.amazon.in/Seduction-Black-Antonio-Banderas-For/dp/B00G24WE16/ref=sr_1_5/277-4658235-3113560?s=beauty&ie=UTF8&qid=1395126883&sr=1-5,[<a href="/gp/help/seller/at-a-glance.html/277-4658235-3113560?ie=UTF8&amp;seller=A2IT7998C8946H">Perfume Nation</a>],Amazon.in: Buy Seduction In Black By Antonio Banderas For Men 100 ml Online at Best Price in India | Amazon Beauty Store,Buy Seduction In Black By Antonio Banderas For Men 100 ml at lowest price in India on Amazon.in. Check out Seduction In Black By Antonio Banderas For Men 100 ml reviews  ratings  features  specifications and browse more Beauty products online at best prices on Amazon.in.,None,<div class="bucket" id="productDescription"> <h2>Product Description</h2> <div class="content"> <h3 class="productDescriptionSource"></h3> <div class="productDescriptionWrapper">        Seduction in black for men by antonio banderas has oriental notes of amber are mixed with warm  woody accords in a very juicy and spicy way  along with fresh and sensual notes.A heart of the masculine fragrance It is filled with fiery spicy notes: coriander  cardamom  and nutmeg  while a base hides woody notes of cedar  Tonka  amber and musk.              <div class="emptyClear"> </div> </div> </div> </div>,None,18:03:2014,None
B0020MMFZ4,Antonio Banderas Blue Seduction for Eau De Toilette Spray Men  100ml,http://www.amazon.in/Fragrances/b/ref=sd_allcat_beauty_fragrance/276-6718833-1247838?ie=UTF8&node=1374298031,None,Fragranc,Hugo Boss,Antonio Banderas,http://ecx.images-amazon.com/images/I/41ifdWzXCfL._AA160_.jpg,None,self Colour,Beauty & Health,http://www.amazon.in/Antonio-Banderas-Seduction-Toilette-Spray/dp/B0020MMFZ4/ref=sr_1_4/277-4658235-3113560?s=beauty&ie=UTF8&qid=1395126883&sr=1-4,[<a href="/gp/help/seller/at-a-glance.html/277-4658235-3113560?ie=UTF8&amp;seller=A2NFQIUV2YGOLG">Fragume</a>],Amazon.in: Buy Antonio Banderas Blue Seduction for Eau De Toilette Spray Men  100ml Online at Best Price in India | Amazon Beauty Store,Buy Antonio Banderas Blue Seduction for Eau De Toilette Spray Men  100ml at lowest price in India on Amazon.in. Check out Antonio Banderas Blue Seduction for Eau De Toilette Spray Men  100ml reviews  ratings  features  specifications and browse more Beauty products online at best prices on Amazon.in.,None,<div class="bucket" id="productDescription"> <h2>Product Description</h2> <div class="content"> <h3 class="productDescriptionSource"></h3> <div class="productDescriptionWrapper">        When nbsp applying nbsp any fragrance please consider that there are several factors which can affect the natural smell of your skin and in turn the way a scent smells on you. nbsp For instance your mood stress level age body chemistry nbsp diet and current medications may all alter the scents you wear. nbsp nbsp Similarly factor such as dry or oily nbsp skin can even affect the amount of time a fragrance will last after being applied              <div class="emptyClear"> </div> </div> </div> </div>,None,18:03:2014,None
B0054QLED2,Hugo Boss Just Different for Men  150ml,http://www.amazon.in/Fragrances/b/ref=sd_allcat_beauty_fragrance/276-6718833-1247838?ie=UTF8&node=1374298031,None,Fragranc,Hugo Boss,Antonio Banderas,http://ecx.images-amazon.com/images/I/41ifdWzXCfL._AA160_.jpg,None,self Colour,Beauty & Health,http://www.amazon.in/Hugo-Boss-Just-Different-150ml/dp/B0054QLED2/ref=sr_1_8/277-4658235-3113560?s=beauty&ie=UTF8&qid=1395126883&sr=1-8,[<a href="/gp/help/seller/at-a-glance.html/277-4658235-3113560?ie=UTF8&amp;seller=A3ES9F57NVVRIK">MyLuckyScent</a>],Amazon.in: Buy Hugo Boss Just Different for Men  150ml Online at Best Price in India | Amazon Beauty Store,Buy Hugo Boss Just Different for Men  150ml at lowest price in India on Amazon.in. Check out Hugo Boss Just Different for Men  150ml reviews  ratings  features  specifications and browse more Beauty products online at best prices on Amazon.in.,None,<div class="bucket" id="productDescription"> <h2>Product Description</h2> <div class="content"> <h3 class="productDescriptionSource"></h3> <div class="productDescriptionWrapper">        Year Introduced: 2011  Fragrance Notes: Mint Leaves  Freesia  Basil And Musk.                <div class="emptyClear"> </div> </div> </div> </div>,None,18:03:2014,None
B0083JON0S,Hugo Boss Hugo Xx for Women  100ml,http://www.amazon.in/Fragrances/b/ref=sd_allcat_beauty_fragrance/276-6718833-1247838?ie=UTF8&node=1374298031,None,Fragranc,Hugo Boss,Antonio Banderas,http://ecx.images-amazon.com/images/I/41ifdWzXCfL._AA160_.jpg,None,self Colour,Beauty & Health,http://www.amazon.in/Hugo-Boss-Xx-Women-100ml/dp/B0083JON0S/ref=sr_1_3/277-4658235-3113560?s=beauty&ie=UTF8&qid=1395126883&sr=1-3,[<a href="/gp/help/seller/at-a-glance.html/277-4658235-3113560?ie=UTF8&amp;seller=A2NFQIUV2YGOLG">Fragume</a>],Amazon.in: Buy Hugo Boss Hugo Xx for Women  100ml Online at Best Price in India | Amazon Beauty Store,Buy Hugo Boss Hugo Xx for Women  100ml at lowest price in India on Amazon.in. Check out Hugo Boss Hugo Xx for Women  100ml reviews  ratings  features  specifications and browse more Beauty products online at best prices on Amazon.in.,None,<div class="bucket" id="productDescription"> <h2>Product Description</h2> <div class="content"> <h3 class="productDescriptionSource"></h3> <div class="productDescriptionWrapper">        Hugo XX by Hugo Boss  A fruity floral for women with top notes of mandarin  blueberry and litchi  heart notes of jasmine and rose. The warm base is created of sensual musk and amber              <div class="emptyClear"> </div> </div> </div> </div>,None,18:03:2014,None
B003TNITJO,Hugo Boss Bottled Night Eau De Toilette  100ml,http://www.amazon.in/Fragrances/b/ref=sd_allcat_beauty_fragrance/276-6718833-1247838?ie=UTF8&node=1374298031,None,Fragranc,Hugo Boss,Antonio Banderas,http://ecx.images-amazon.com/images/I/41ifdWzXCfL._AA160_.jpg,None,self Colour,Beauty & Health,http://www.amazon.in/Hugo-Boss-Bottled-Night-Toilette/dp/B003TNITJO/ref=sr_1_11/277-4658235-3113560?s=beauty&ie=UTF8&qid=1395126883&sr=1-11,[<a href="/gp/help/seller/at-a-glance.html/277-4658235-3113560?ie=UTF8&amp;seller=A2NFQIUV2YGOLG">Fragume</a>],Amazon.in: Buy Hugo Boss Bottled Night Eau De Toilette  100ml Online at Best Price in India | Amazon Beauty Store,Buy Hugo Boss Bottled Night Eau De Toilette  100ml at lowest price in India on Amazon.in. Check out Hugo Boss Bottled Night Eau De Toilette  100ml reviews  ratings  features  specifications and browse more Beauty products online at best prices on Amazon.in.,None,<div class="bucket" id="productDescription"> <h2>Product Description</h2> <div class="content"> <h3 class="productDescriptionSource"></h3> <div class="productDescriptionWrapper">        Design House: Hugo Boss  Year Introduced: 2010  Recommended Use: Evening  Recommended Use: Evening              <div class="emptyClear"> </div> </div> </div> </div>,None,18:03:2014,None
B000OU30HG,Hugo Boss Woman for Women  90ml,http://www.amazon.in/Fragrances/b/ref=sd_allcat_beauty_fragrance/276-6718833-1247838?ie=UTF8&node=1374298031,None,Fragranc,Hugo Boss,Antonio Banderas,http://ecx.images-amazon.com/images/I/41ifdWzXCfL._AA160_.jpg,None,self Colour,Beauty & Health,http://www.amazon.in/Hugo-Boss-Woman-Women-90ml/dp/B000OU30HG/ref=sr_1_14/277-4658235-3113560?s=beauty&ie=UTF8&qid=1395126883&sr=1-14,[<a href="/gp/help/seller/at-a-glance.html/277-4658235-3113560?ie=UTF8&amp;seller=A2NFQIUV2YGOLG">Fragume</a>],Amazon.in: Buy Hugo Boss Woman for Women  90ml Online at Best Price in India | Amazon Beauty Store,Buy Hugo Boss Woman for Women  90ml at lowest price in India on Amazon.in. Check out Hugo Boss Woman for Women  90ml reviews  ratings  features  specifications and browse more Beauty products online at best prices on Amazon.in.,None,<div class="bucket" id="productDescription"> <h2>Product Description</h2> <div class="content"> <h3 class="productDescriptionSource"></h3> <div class="productDescriptionWrapper">        Boss Woman is a lovely fruity fragrance with an oriental woody base  hint of florals and a spicy overtone. It is a beautiful and original scent that reflects modern and contemporary lifestyle. Boss Woman is a simple  sophisticated and delicately tailored perfume that begins with a blend of fruity notes  such as tangerine  kumquat and mango  simultaneously mixed with crisp and sensuous freesia  orris and passiflore and woody notes  such as sandalwood and cedarwood.              <div class="emptyClear"> </div> </div> </div> </div>,None,18:03:2014,None
B000PS8P3Q,Hugo Boss Dark Blue for Men  75ml,http://www.amazon.in/Fragrances/b/ref=sd_allcat_beauty_fragrance/276-6718833-1247838?ie=UTF8&node=1374298031,None,Fragranc,Hugo Boss,Antonio Banderas,http://ecx.images-amazon.com/images/I/41ifdWzXCfL._AA160_.jpg,None,self Colour,Beauty & Health,http://www.amazon.in/Hugo-Boss-Dark-Blue-75ml/dp/B000PS8P3Q/ref=sr_1_6/277-4658235-3113560?s=beauty&ie=UTF8&qid=1395126883&sr=1-6,[<a href="/gp/help/seller/at-a-glance.html/277-4658235-3113560?ie=UTF8&amp;seller=A2NFQIUV2YGOLG">Fragume</a>],Amazon.in: Buy Hugo Boss Dark Blue for Men  75ml Online at Best Price in India | Amazon Beauty Store,Buy Hugo Boss Dark Blue for Men  75ml at lowest price in India on Amazon.in. Check out Hugo Boss Dark Blue for Men  75ml reviews  ratings  features  specifications and browse more Beauty products online at best prices on Amazon.in.,None,<div class="bucket" id="productDescription"> <h2>Product Description</h2> <div class="content"> <h3 class="productDescriptionSource"></h3> <div class="productDescriptionWrapper">        Introduced in 1999. Fragrance notes: a fresh invigorating scent of mosses and citrus. Recommended use: daytime.When nbsp applying nbsp any fragrance please consider that there are several factors which can affect the natural smell of your skin and in turn the way a scent smells on you. nbsp For instance your mood stress level age body chemistry nbsp diet and current medications may all alter the scents you wear. nbsp nbsp Similarly factor such as dry or oily nbsp skin can even affect the amount of time a fragrance will last after being applied              <div class="emptyClear"> </div> </div> </div> </div>,None,18:03:2014,None
B002TASNMQ,Antonio Banderas Seduction Eau De Toilette in Black for Men  100ml,http://www.amazon.in/Fragrances/b/ref=sd_allcat_beauty_fragrance/276-6718833-1247838?ie=UTF8&node=1374298031,None,Fragranc,Hugo Boss,Antonio Banderas,http://ecx.images-amazon.com/images/I/41ifdWzXCfL._AA160_.jpg,None,self Colour,Beauty & Health,http://www.amazon.in/Antonio-Banderas-Seduction-Toilette-Black/dp/B002TASNMQ/ref=sr_1_13/277-4658235-3113560?s=beauty&ie=UTF8&qid=1395126883&sr=1-13,[<a href="/gp/help/seller/at-a-glance.html/277-4658235-3113560?ie=UTF8&amp;seller=A29ZFTNVZHDXBZ">Route2Fashion</a>],Amazon.in: Buy Antonio Banderas Seduction Eau De Toilette in Black for Men  100ml Online at Best Price in India | Amazon Beauty Store,Buy Antonio Banderas Seduction Eau De Toilette in Black for Men  100ml at lowest price in India on Amazon.in. Check out Antonio Banderas Seduction Eau De Toilette in Black for Men  100ml reviews  ratings  features  specifications and browse more Beauty products online at best prices on Amazon.in.,None,<div class="bucket" id="productDescription"> <h2>Product Description</h2> <div class="content"> <h3 class="productDescriptionSource"></h3> <div class="productDescriptionWrapper">        Design House: Antonio Banderas  Year Introduced: 2009  Recommended Use: Casual  Recommended Use: Casual              <div class="emptyClear"> </div> </div> </div> </div>,None,18:03:2014,None
B000IMSCFU,Hugo Boss Number 1 EDT for Men  125ml,http://www.amazon.in/Fragrances/b/ref=sd_allcat_beauty_fragrance/276-6718833-1247838?ie=UTF8&node=1374298031,None,Fragranc,Hugo Boss,Antonio Banderas,http://ecx.images-amazon.com/images/I/41ifdWzXCfL._AA160_.jpg,None,self Colour,Beauty & Health,http://www.amazon.in/Hugo-Boss-Number-EDT-125ml/dp/B000IMSCFU/ref=sr_1_12/277-4658235-3113560?s=beauty&ie=UTF8&qid=1395126883&sr=1-12,[<a href="/gp/help/seller/at-a-glance.html/277-4658235-3113560?ie=UTF8&amp;seller=A2NFQIUV2YGOLG">Fragume</a>],Amazon.in: Buy Hugo Boss Number 1 EDT for Men  125ml Online at Best Price in India | Amazon Beauty Store,Buy Hugo Boss Number 1 EDT for Men  125ml at lowest price in India on Amazon.in. Check out Hugo Boss Number 1 EDT for Men  125ml reviews  ratings  features  specifications and browse more Beauty products online at best prices on Amazon.in.,None,<div class="bucket" id="productDescription"> <h2>Product Description</h2> <div class="content"> <h3 class="productDescriptionSource"></h3> <div class="productDescriptionWrapper">        Launched by Hugo Boss in 1985 is classified as a sharp spicy lavender amber fragrance. This masculine scent possesses a blend of oak cedar mandarin musk and amber.              <div class="emptyClear"> </div> </div> </div> </div>,None,18:03:2014,None
B000WZIX0W,Hugo Boss Femme Eau De Parfum Spray for Women  75ml,http://www.amazon.in/Fragrances/b/ref=sd_allcat_beauty_fragrance/276-6718833-1247838?ie=UTF8&node=1374298031,None,Fragranc,Hugo Boss,Antonio Banderas,http://ecx.images-amazon.com/images/I/41ifdWzXCfL._AA160_.jpg,None,self Colour,Beauty & Health,http://www.amazon.in/Hugo-Boss-Femme-Parfum-Spray/dp/B000WZIX0W/ref=sr_1_16/277-4658235-3113560?s=beauty&ie=UTF8&qid=1395126883&sr=1-16,[<a href="/gp/help/seller/at-a-glance.html/277-4658235-3113560?ie=UTF8&amp;seller=A2NFQIUV2YGOLG">Fragume</a>],Amazon.in: Buy Hugo Boss Femme Eau De Parfum Spray for Women  75ml Online at Best Price in India | Amazon Beauty Store,Buy Hugo Boss Femme Eau De Parfum Spray for Women  75ml at lowest price in India on Amazon.in. Check out Hugo Boss Femme Eau De Parfum Spray for Women  75ml reviews  ratings  features  specifications and browse more Beauty products online at best prices on Amazon.in.,None,<div class="bucket" id="productDescription"> <h2>Product Description</h2> <div class="content"> <h3 class="productDescriptionSource"></h3> <div class="productDescriptionWrapper">        Launched by the design house of Hugo Boss. When applying any fragrance please consider that there are several factors which can affect the natural smell of your skin and in turn  the way a scent smells on you. For instance  your mood  stress level  age  body chemistry  diet and current medications may all alter the scents you wear. Similarly  factor such as dry or oily skin can even affect the amount of time a fragrance will last after being applied.              <div class="emptyClear"> </div> </div> </div> </div>,None,18:03:2014,None
B0020MMFYK,Antoni Banderas Blue Seduction for Women  100ml,http://www.amazon.in/Fragrances/b/ref=sd_allcat_beauty_fragrance/276-6718833-1247838?ie=UTF8&node=1374298031,None,Fragranc,Hugo Boss,Antonio Banderas,http://ecx.images-amazon.com/images/I/41ifdWzXCfL._AA160_.jpg,None,self Colour,Beauty & Health,http://www.amazon.in/Antoni-Banderas-Seduction-Women-100ml/dp/B0020MMFYK/ref=sr_1_15/277-4658235-3113560?s=beauty&ie=UTF8&qid=1395126883&sr=1-15,[<a href="/gp/help/seller/at-a-glance.html/277-4658235-3113560?ie=UTF8&amp;seller=A2NFQIUV2YGOLG">Fragume</a>],Amazon.in: Buy Antoni Banderas Blue Seduction for Women  100ml Online at Best Price in India | Amazon Beauty Store,Buy Antoni Banderas Blue Seduction for Women  100ml at lowest price in India on Amazon.in. Check out Antoni Banderas Blue Seduction for Women  100ml reviews  ratings  features  specifications and browse more Beauty products online at best prices on Amazon.in.,None,<div class="bucket" id="productDescription"> <h2>Product Description</h2> <div class="content"> <h3 class="productDescriptionSource"></h3> <div class="productDescriptionWrapper">        Design House: Antonio Banderas  Year Introduced: 2008  Recommended Use: Casual  Recommended Use: Casual              <div class="emptyClear"> </div> </div> </div> </div>,None,18:03:2014,None
B00FO033KK,Boss Selection Men EDT  90 ml,http://www.amazon.in/Fragrances/b/ref=sd_allcat_beauty_fragrance/276-6718833-1247838?ie=UTF8&node=1374298031,None,Fragranc,Hugo Boss,Antonio Banderas,http://ecx.images-amazon.com/images/I/41ifdWzXCfL._AA160_.jpg,None,self Colour,Beauty & Health,http://www.amazon.in/Boss-Selection-Men-EDT-90/dp/B00FO033KK/ref=sr_1_19/277-4658235-3113560?s=beauty&ie=UTF8&qid=1395126883&sr=1-19,[<a href="/gp/help/seller/at-a-glance.html/277-4658235-3113560?ie=UTF8&amp;seller=A2NFQIUV2YGOLG">Fragume</a>],Amazon.in: Buy Boss Selection Men EDT  90 ml Online at Best Price in India | Amazon Beauty Store,Buy Boss Selection Men EDT  90 ml at lowest price in India on Amazon.in. Check out Boss Selection Men EDT  90 ml reviews  ratings  features  specifications and browse more Beauty products online at best prices on Amazon.in.,None,<div class="bucket" id="productDescription"> <h2>Product Description</h2> <div class="content"> <h3 class="productDescriptionSource"></h3> <div class="productDescriptionWrapper">        A fragrance with notes consisting of mandarin orange pink pepper grapefruit cedar needles star anise geranium heliotrope vetiver musks cedar and patchouli.Features1) Boss Selection by Hugo Boss Eau De Toilette Spray 3 oz for Men2) Boss Selection by Hugo Boss for Men3) Eau De Toilette Spray 3 oz4) Packaging for this product may vary from that shown in the image above5) 100% Authentic Brand Name Merchandise!              <div class="emptyClear"> </div> </div> </div> </div>,None,18:03:2014,None
B008N7XPB8,Antonio Banderas Blue Seduction Splash Eau De Toilette Spray for Women  100ml,http://www.amazon.in/Fragrances/b/ref=sd_allcat_beauty_fragrance/276-6718833-1247838?ie=UTF8&node=1374298031,None,Fragranc,Hugo Boss,Antonio Banderas,http://ecx.images-amazon.com/images/I/41ifdWzXCfL._AA160_.jpg,None,self Colour,Beauty & Health,http://www.amazon.in/Antonio-Banderas-Seduction-Splash-Toilette/dp/B008N7XPB8/ref=sr_1_24/277-4658235-3113560?s=beauty&ie=UTF8&qid=1395126883&sr=1-24,[<a href="/gp/help/seller/at-a-glance.html/277-4658235-3113560?ie=UTF8&amp;seller=A29ZFTNVZHDXBZ">Route2Fashion</a>],Amazon.in: Buy Antonio Banderas Blue Seduction Splash Eau De Toilette Spray for Women  100ml Online at Best Price in India | Amazon Beauty Store,Buy Antonio Banderas Blue Seduction Splash Eau De Toilette Spray for Women  100ml at lowest price in India on Amazon.in. Check out Antonio Banderas Blue Seduction Splash Eau De Toilette Spray for Women  100ml reviews  ratings  features  specifications and browse more Beauty products online at best prices on Amazon.in.,None,<div class="bucket" id="productDescription"> <h2>Product Description</h2> <div class="content"> <h3 class="productDescriptionSource"></h3> <div class="productDescriptionWrapper">        Launched by the design house of Antonio Banderas in the year 2007. This masculine fragrance features a blend of mint  bergamot  oakmoss  woods  nutmeg  melon  cardamom  musk  apple  and cappucino.              <div class="emptyClear"> </div> </div> </div> </div>,None,18:03:2014,None
B008N7XOU0,Antonio Banderas Seduction in Black Splash Eau De Toilette Spray for Men  100ml,http://www.amazon.in/Fragrances/b/ref=sd_allcat_beauty_fragrance/276-6718833-1247838?ie=UTF8&node=1374298031,None,Fragranc,Hugo Boss,Antonio Banderas,http://ecx.images-amazon.com/images/I/41ifdWzXCfL._AA160_.jpg,None,self Colour,Beauty & Health,http://www.amazon.in/Antonio-Banderas-Seduction-Splash-Toilette/dp/B008N7XOU0/ref=sr_1_25/277-4658235-3113560?s=beauty&ie=UTF8&qid=1395126891&sr=1-25,[<a href="/gp/help/seller/at-a-glance.html/277-4658235-3113560?ie=UTF8&amp;seller=A2NFQIUV2YGOLG">Fragume</a>],Amazon.in: Buy Antonio Banderas Seduction in Black Splash Eau De Toilette Spray for Men  100ml Online at Best Price in India | Amazon Beauty Store,Buy Antonio Banderas Seduction in Black Splash Eau De Toilette Spray for Men  100ml at lowest price in India on Amazon.in. Check out Antonio Banderas Seduction in Black Splash Eau De Toilette Spray for Men  100ml reviews  ratings  features  specifications and browse more Beauty products online at best prices on Amazon.in.,None,<div class="bucket" id="productDescription"> <h2>Product Description</h2> <div class="content"> <h3 class="productDescriptionSource"></h3> <div class="productDescriptionWrapper">        Splash seduction in black for Men Edt Spray 3.4 ounce.              <div class="emptyClear"> </div> </div> </div> </div>,None,18:03:2014,None
B000C1VXQ2,Hugo Boss Energise for Men  125ml,http://www.amazon.in/Fragrances/b/ref=sd_allcat_beauty_fragrance/276-6718833-1247838?ie=UTF8&node=1374298031,None,Fragranc,Hugo Boss,Antonio Banderas,http://ecx.images-amazon.com/images/I/41ifdWzXCfL._AA160_.jpg,None,self Colour,Beauty & Health,http://www.amazon.in/Hugo-Boss-Energise-Men-125ml/dp/B000C1VXQ2/ref=sr_1_10/277-4658235-3113560?s=beauty&ie=UTF8&qid=1395126883&sr=1-10,[<a href="/gp/help/seller/at-a-glance.html/277-4658235-3113560?ie=UTF8&amp;seller=A2NFQIUV2YGOLG">Fragume</a>],Amazon.in: Buy Hugo Boss Energise for Men  125ml Online at Best Price in India | Amazon Beauty Store,Buy Hugo Boss Energise for Men  125ml at lowest price in India on Amazon.in. Check out Hugo Boss Energise for Men  125ml reviews  ratings  features  specifications and browse more Beauty products online at best prices on Amazon.in.,None,<div class="bucket" id="productDescription"> <h2>Product Description</h2> <div class="content"> <h3 class="productDescriptionSource"></h3> <div class="productDescriptionWrapper">        Hugo Energise by Hugo Boss. Top notes of cardamom  pink pepper and citrus; a heart consisting of coriander  ambrette  juniper and white freesia and a base of jacaranda wood  nubuck leather  suede note  black cocoa and amyris.              <div class="emptyClear"> </div> </div> </div> </div>,None,18:03:2014,None
B000GHVJPW,Hugo Boss Soul for Men  90ml,http://www.amazon.in/Fragrances/b/ref=sd_allcat_beauty_fragrance/276-6718833-1247838?ie=UTF8&node=1374298031,None,Fragranc,Hugo Boss,Antonio Banderas,http://ecx.images-amazon.com/images/I/41ifdWzXCfL._AA160_.jpg,None,self Colour,Beauty & Health,http://www.amazon.in/Hugo-Boss-Soul-Men-90ml/dp/B000GHVJPW/ref=sr_1_21/277-4658235-3113560?s=beauty&ie=UTF8&qid=1395126883&sr=1-21,[<a href="/gp/help/seller/at-a-glance.html/277-4658235-3113560?ie=UTF8&amp;seller=A2NFQIUV2YGOLG">Fragume</a>],Amazon.in: Buy Hugo Boss Soul for Men  90ml Online at Best Price in India | Amazon Beauty Store,Buy Hugo Boss Soul for Men  90ml at lowest price in India on Amazon.in. Check out Hugo Boss Soul for Men  90ml reviews  ratings  features  specifications and browse more Beauty products online at best prices on Amazon.in.,None,<div class="bucket" id="productDescription"> <h2>Product Description</h2> <div class="content"> <h3 class="productDescriptionSource"></h3> <div class="productDescriptionWrapper">        Launched by the design house of Hugo Boss.When applying any fragrance please consider that there are several factors which can affect the natural smell of your skin and in turn the way a scent smells on you. For instance your mood stress level age body chemistry diet and current medications may all alter the scents you wear. Similarly factor such as dry or oily skin can even affect the amount of time a fragrance will last after being appliedFeatures1) Packaging for this product may vary from that shown in the image above2) This item is not for sale in Catalina Island              <div class="emptyClear"> </div> </div> </div> </div>,None,18:03:2014,None
B008N7XPK4,Antonio Banderas Splash Blue Seduction Eau De Toilette for Men  100ml,http://www.amazon.in/Fragrances/b/ref=sd_allcat_beauty_fragrance/276-6718833-1247838?ie=UTF8&node=1374298031,None,Fragranc,Hugo Boss,Antonio Banderas,http://ecx.images-amazon.com/images/I/41ifdWzXCfL._AA160_.jpg,None,self Colour,Beauty & Health,http://www.amazon.in/Antonio-Banderas-Splash-Seduction-Toilette/dp/B008N7XPK4/ref=sr_1_27/277-4658235-3113560?s=beauty&ie=UTF8&qid=1395126891&sr=1-27,[<a href="/gp/help/seller/at-a-glance.html/277-4658235-3113560?ie=UTF8&amp;seller=A2NFQIUV2YGOLG">Fragume</a>],Amazon.in: Buy Antonio Banderas Splash Blue Seduction Eau De Toilette for Men  100ml Online at Best Price in India | Amazon Beauty Store,Buy Antonio Banderas Splash Blue Seduction Eau De Toilette for Men  100ml at lowest price in India on Amazon.in. Check out Antonio Banderas Splash Blue Seduction Eau De Toilette for Men  100ml reviews  ratings  features  specifications and browse more Beauty products online at best prices on Amazon.in.,None,<div class="bucket" id="productDescription"> <h2>Product Description</h2> <div class="content"> <h3 class="productDescriptionSource"></h3> <div class="productDescriptionWrapper">        Buy Antonio Banderas Men s Colognes - Antonio Banderas Blue Seduction Splash for Men 3.4 oz Eau de Toilette SprayFeatures1) Blue Seduction Splash by Antonio Banderas for Men 3.4 oz EDT Spray: Buy Antonio Banderas Men s Colognes - Antonio Banderas Blue Seduction Splash for Men 3.4 oz Eau de Toilette Spray2) Type: Eau De Toilette              <div class="emptyClear"> </div> </div> </div> </div>,None,18:03:2014,None
B002GZU1BK,Antonio Banderas Blue Seduction Eau De Toilette Spray Tester for Men  100ml,http://www.amazon.in/Fragrances/b/ref=sd_allcat_beauty_fragrance/276-6718833-1247838?ie=UTF8&node=1374298031,Rs. 1 275.00,Fragranc,Hugo Boss,Antonio Banderas,http://ecx.images-amazon.com/images/I/41ifdWzXCfL._AA160_.jpg,Rs. 1 275.00,self Colour,Beauty & Health,http://www.amazon.in/Antonio-Banderas-Seduction-Toilette-Tester/dp/B002GZU1BK/ref=sr_1_23/277-4658235-3113560?s=beauty&ie=UTF8&qid=1395126883&sr=1-23,[<a class="buyAction" href="/gp/offer-listing/B002GZU1BK/ref=dp_olp_0/277-4658235-3113560?ie=UTF8&amp;condition=all">these sellers</a>],Amazon.in: Buy Antonio Banderas Blue Seduction Eau De Toilette Spray Tester for Men  100ml Online at Best Price in India | Amazon Beauty Store,Buy Antonio Banderas Blue Seduction Eau De Toilette Spray Tester for Men  100ml at lowest price in India on Amazon.in. Check out Antonio Banderas Blue Seduction Eau De Toilette Spray Tester for Men  100ml reviews  ratings  features  specifications and browse more Beauty products online at best prices on Amazon.in.,None,<div class="bucket" id="productDescription"> <h2>Product Description</h2> <div class="content"> <h3 class="productDescriptionSource"></h3> <div class="productDescriptionWrapper">        Launched by the design house of Antonio Banderas in 2007  Blue Seduction by Antonio Banderas possesses a blend of mint  bergamot  oak moss  woods  cassis  nutmeg  melon  cardamom  musk  apple  cappucino.              <div class="emptyClear"> </div> </div> </div> </div>,None,18:03:2014,None
B0020MMDNS,Hugo Boss XY EDT for Men  100ml,http://www.amazon.in/Fragrances/b/ref=sd_allcat_beauty_fragrance/276-6718833-1247838?ie=UTF8&node=1374298031,None,Fragranc,Hugo Boss,Antonio Banderas,http://ecx.images-amazon.com/images/I/41ifdWzXCfL._AA160_.jpg,None,self Colour,Beauty & Health,http://www.amazon.in/Hugo-Boss-EDT-Men-100ml/dp/B0020MMDNS/ref=sr_1_18/277-4658235-3113560?s=beauty&ie=UTF8&qid=1395126883&sr=1-18,[<a href="/gp/help/seller/at-a-glance.html/277-4658235-3113560?ie=UTF8&amp;seller=A29ZFTNVZHDXBZ">Route2Fashion</a>],Amazon.in: Buy Hugo Boss XY EDT for Men  100ml Online at Best Price in India | Amazon Beauty Store,Buy Hugo Boss XY EDT for Men  100ml at lowest price in India on Amazon.in. Check out Hugo Boss XY EDT for Men  100ml reviews  ratings  features  specifications and browse more Beauty products online at best prices on Amazon.in.,None,<div class="bucket" id="productDescription"> <h2>Product Description</h2> <div class="content"> <h3 class="productDescriptionSource"></h3> <div class="productDescriptionWrapper">        When applying any fragrance please consider that there are several factors which can affect the natural smell of your skin and in turn the way a scent smells on you. For instance your mood stress level age body chemistry  diet and current medications may all alter the scents you wear. Similarly factor such as dry or oily nbsp skin can even affect the amount of time a fragrance will last after being applied.              <div class="emptyClear"> </div> </div> </div> </div>,None,18:03:2014,None
B005I9YHA2,Boss By Hugo Boss For Women Eau De Parfum Spray 3 Oz,http://www.amazon.in/Fragrances/b/ref=sd_allcat_beauty_fragrance/276-6718833-1247838?ie=UTF8&node=1374298031,Rs. 2 980.00,Fragranc,Hugo Boss,Antonio Banderas,http://ecx.images-amazon.com/images/I/41ifdWzXCfL._AA160_.jpg,Rs. 2 980.00,self Colour,Beauty & Health,http://www.amazon.in/Boss-Hugo-Women-Parfum-Spray/dp/B005I9YHA2/ref=sr_1_41/277-4658235-3113560?s=beauty&ie=UTF8&qid=1395126891&sr=1-41,[<a class="buyAction" href="/gp/offer-listing/B005I9YHA2/ref=dp_olp_0/277-4658235-3113560?ie=UTF8&amp;condition=all">these sellers</a>],Amazon.in: Buy Boss By Hugo Boss For Women Eau De Parfum Spray 3 Oz Online at Best Price in India | Amazon Beauty Store,Buy Boss By Hugo Boss For Women Eau De Parfum Spray 3 Oz at lowest price in India on Amazon.in. Check out Boss By Hugo Boss For Women Eau De Parfum Spray 3 Oz reviews  ratings  features  specifications and browse more Beauty products online at best prices on Amazon.in.,None,None,None,18:03:2014,None
B000C230HQ,Boss In Motion Blue By Hugo Boss For Men. Eau De Toilette Spray 3 Ounces,http://www.amazon.in/Fragrances/b/ref=sd_allcat_beauty_fragrance/276-6718833-1247838?ie=UTF8&node=1374298031,None,Fragranc,Hugo Boss,Antonio Banderas,http://ecx.images-amazon.com/images/I/41ifdWzXCfL._AA160_.jpg,None,self Colour,Beauty & Health,http://www.amazon.in/Boss-Motion-Hugo-Toilette-Ounces/dp/B000C230HQ/ref=sr_1_47/277-4658235-3113560?s=beauty&ie=UTF8&qid=1395126891&sr=1-47,[<a href="/gp/help/seller/at-a-glance.html/277-4658235-3113560?ie=UTF8&amp;seller=A2NFQIUV2YGOLG">Fragume</a>],Amazon.in: Buy Boss In Motion Blue By Hugo Boss For Men. Eau De Toilette Spray 3 Ounces Online at Best Price in India | Amazon Beauty Store,Buy Boss In Motion Blue By Hugo Boss For Men. Eau De Toilette Spray 3 Ounces at lowest price in India on Amazon.in. Check out Boss In Motion Blue By Hugo Boss For Men. Eau De Toilette Spray 3 Ounces reviews  ratings  features  specifications and browse more Beauty products online at best prices on Amazon.in.,None,None,None,18:03:2014,None
B000RPLZAM,Boss Grey EDT Men  100ml,http://www.amazon.in/Fragrances/b/ref=sd_allcat_beauty_fragrance/276-6718833-1247838?ie=UTF8&node=1374298031,None,Fragranc,Hugo Boss,Antonio Banderas,http://ecx.images-amazon.com/images/I/41ifdWzXCfL._AA160_.jpg,None,self Colour,Beauty & Health,http://www.amazon.in/Boss-Grey-EDT-Men-100ml/dp/B000RPLZAM/ref=sr_1_46/277-4658235-3113560?s=beauty&ie=UTF8&qid=1395126891&sr=1-46,[<a href="/gp/help/seller/at-a-glance.html/277-4658235-3113560?ie=UTF8&amp;seller=ADJ7WREVGU39P">Zephyr Online</a>],Amazon.in: Buy Boss Grey EDT Men  100ml Online at Best Price in India | Amazon Beauty Store,Buy Boss Grey EDT Men  100ml at lowest price in India on Amazon.in. Check out Boss Grey EDT Men  100ml reviews  ratings  features  specifications and browse more Beauty products online at best prices on Amazon.in.,None,<div class="bucket" id="productDescription"> <h2>Product Description</h2> <div class="content"> <h3 class="productDescriptionSource"></h3> <div class="productDescriptionWrapper">        Boss No 6 perfume by Hugo Boss has a fragrant nature that explores essences of fern  bergamot and pineapple. Blended with notes of lavender  juniper and geranium  Boss # 6 is a casual type of fragrance for everyday wear.              <div class="emptyClear"> </div> </div> </div> </div>,None,18:03:2014,None
B000JL3YGC,Boss In Motion Green Hugo Boss for men 100ml,http://www.amazon.in/Fragrances/b/ref=sd_allcat_beauty_fragrance/276-6718833-1247838?ie=UTF8&node=1374298031,None,Fragranc,Hugo Boss,Antonio Banderas,http://ecx.images-amazon.com/images/I/41ifdWzXCfL._AA160_.jpg,None,self Colour,Beauty & Health,http://www.amazon.in/Boss-Motion-Green-Hugo-100ml/dp/B000JL3YGC/ref=sr_1_50/277-4658235-3113560?s=beauty&ie=UTF8&qid=1395126897&sr=1-50,[<a href="/gp/help/seller/at-a-glance.html/277-4658235-3113560?ie=UTF8&amp;seller=A2NFQIUV2YGOLG">Fragume</a>],Amazon.in: Buy Boss In Motion Green Hugo Boss for men 100ml Online at Best Price in India | Amazon Beauty Store,Buy Boss In Motion Green Hugo Boss for men 100ml at lowest price in India on Amazon.in. Check out Boss In Motion Green Hugo Boss for men 100ml reviews  ratings  features  specifications and browse more Beauty products online at best prices on Amazon.in.,None,<div class="bucket" id="productDescription"> <h2>Product Description</h2> <div class="content"> <h3 class="productDescriptionSource"></h3> <div class="productDescriptionWrapper">        Boss In Motion Green Hugo Boss for men.This is a limited edition from 2005. Boss In Motion Green is a fresh woody and energetic fragrance  intended to dynamic self-assured young man. This new edition is composed around "green" notes with fresh spiciness in the heart and woody notes in the base. The composition opens with fresh mandarin tangerine  sage and a light accord of cognac. The spicy heart includes cardamom  nutmeg and red pepper. Precious woods white cedarwood  patchouli and sandalwood.make strong masculine trail.              <div class="emptyClear"> </div> </div> </div> </div>,None,18:03:2014,None
B002XITZA8,Boss In Motion White By Hugo Boss For Men 90 ml,http://www.amazon.in/Fragrances/b/ref=sd_allcat_beauty_fragrance/276-6718833-1247838?ie=UTF8&node=1374298031,None,Fragranc,Hugo Boss,Antonio Banderas,http://ecx.images-amazon.com/images/I/41ifdWzXCfL._AA160_.jpg,None,self Colour,Beauty & Health,http://www.amazon.in/Boss-Motion-White-Hugo-For/dp/B002XITZA8/ref=sr_1_53/277-4658235-3113560?s=beauty&ie=UTF8&qid=1395126897&sr=1-53,[<a href="/gp/help/seller/at-a-glance.html/277-4658235-3113560?ie=UTF8&amp;seller=A22G8HZGXYSWPZ">Taha &amp; Bros.</a>],Amazon.in: Buy Boss In Motion White By Hugo Boss For Men 90 ml Online at Best Price in India | Amazon Beauty Store,Buy Boss In Motion White By Hugo Boss For Men 90 ml at lowest price in India on Amazon.in. Check out Boss In Motion White By Hugo Boss For Men 90 ml reviews  ratings  features  specifications and browse more Beauty products online at best prices on Amazon.in.,None,<div class="bucket" id="productDescription"> <h2>Product Description</h2> <div class="content"> <h3 class="productDescriptionSource"></h3> <div class="productDescriptionWrapper">        Design House: Hugo Boss  Year Introduced: 2009  Recommended Use: Casual  Recommended Use: Casual              <div class="emptyClear"> </div> </div> </div> </div>,None,18:03:2014,None
B005G3A95W,Boss In Motion Orange Made For Summer Hugo Boss for men 90ML,http://www.amazon.in/Fragrances/b/ref=sd_allcat_beauty_fragrance/276-6718833-1247838?ie=UTF8&node=1374298031,None,Fragranc,Hugo Boss,Antonio Banderas,http://ecx.images-amazon.com/images/I/41ifdWzXCfL._AA160_.jpg,None,self Colour,Beauty & Health,http://www.amazon.in/Boss-Motion-Orange-Summer-Hugo/dp/B005G3A95W/ref=sr_1_51/277-4658235-3113560?s=beauty&ie=UTF8&qid=1395126897&sr=1-51,[<a href="/gp/help/seller/at-a-glance.html/277-4658235-3113560?ie=UTF8&amp;seller=A2NFQIUV2YGOLG">Fragume</a>],Amazon.in: Buy Boss In Motion Orange Made For Summer Hugo Boss for men 90ML Online at Best Price in India | Amazon Beauty Store,Buy Boss In Motion Orange Made For Summer Hugo Boss for men 90ML at lowest price in India on Amazon.in. Check out Boss In Motion Orange Made For Summer Hugo Boss for men 90ML reviews  ratings  features  specifications and browse more Beauty products online at best prices on Amazon.in.,None,<div class="bucket" id="productDescription"> <h2>Product Description</h2> <div class="content"> <h3 class="productDescriptionSource"></h3> <div class="productDescriptionWrapper">        Boss In Motion Orange Made For Summer Hugo Boss for men.Hugo Boss adds a new fragrance to the Boss In Motion collection in 2011. Boss In Motion Orange Made For Summer is an aromatic and invigorating summer cocktail  inspired by the youthful Boss Orange collection. The composition's opening is extremely cool and fresh due to mint and passion fruit notes. The heart is sharp and spicy with geranium flower  laid on the base made of vetiver grass.              <div class="emptyClear"> </div> </div> </div> </div>,None,18:03:2014,None
B008PRA9MO,Boss Nuit Pour Femme By Hugo Boss Eau De Parfum Spray 50.27 ml,http://www.amazon.in/Fragrances/b/ref=sd_allcat_beauty_fragrance/276-6718833-1247838?ie=UTF8&node=1374298031,None,Fragranc,Hugo Boss,Antonio Banderas,http://ecx.images-amazon.com/images/I/41ifdWzXCfL._AA160_.jpg,None,self Colour,Beauty & Health,http://www.amazon.in/Boss-Femme-Hugo-Parfum-Spray/dp/B008PRA9MO/ref=sr_1_54/277-4658235-3113560?s=beauty&ie=UTF8&qid=1395126897&sr=1-54,[<a href="/gp/help/seller/at-a-glance.html/277-4658235-3113560?ie=UTF8&amp;seller=A29ZFTNVZHDXBZ">Route2Fashion</a>],Amazon.in: Buy Boss Nuit Pour Femme By Hugo Boss Eau De Parfum Spray 50.27 ml Online at Best Price in India | Amazon Beauty Store,Buy Boss Nuit Pour Femme By Hugo Boss Eau De Parfum Spray 50.27 ml at lowest price in India on Amazon.in. Check out Boss Nuit Pour Femme By Hugo Boss Eau De Parfum Spray 50.27 ml reviews  ratings  features  specifications and browse more Beauty products online at best prices on Amazon.in.,None,<div class="bucket" id="productDescription"> <h2>Product Description</h2> <div class="content"> <h3 class="productDescriptionSource"></h3> <div class="productDescriptionWrapper">        Design House: Hugo Boss  Year Introduced: 2012  Recommended Use: Romantic  Recommended Use: Romantic              <div class="emptyClear"> </div> </div> </div> </div>,None,18:03:2014,None
B005HSVQAS,Boss Orange Men Edt 100Ml,http://www.amazon.in/Fragrances/b/ref=sd_allcat_beauty_fragrance/276-6718833-1247838?ie=UTF8&node=1374298031,None,Fragranc,Hugo Boss,Antonio Banderas,http://ecx.images-amazon.com/images/I/41ifdWzXCfL._AA160_.jpg,None,self Colour,Beauty & Health,http://www.amazon.in/Boss-Orange-Men-Edt-100Ml/dp/B005HSVQAS/ref=sr_1_59/277-4658235-3113560?s=beauty&ie=UTF8&qid=1395126897&sr=1-59,[<a href="/gp/help/seller/at-a-glance.html/277-4658235-3113560?ie=UTF8&amp;seller=A22G8HZGXYSWPZ">Taha &amp; Bros.</a>],Amazon.in: Buy Boss Orange Men Edt 100Ml Online at Best Price in India | Amazon Beauty Store,Buy Boss Orange Men Edt 100Ml at lowest price in India on Amazon.in. Check out Boss Orange Men Edt 100Ml reviews  ratings  features  specifications and browse more Beauty products online at best prices on Amazon.in.,None,<div class="bucket" id="productDescription"> <h2>Product Description</h2> <div class="content"> <h3 class="productDescriptionSource"></h3> <div class="productDescriptionWrapper">        Boss Orange for Men is a powerful scent that embodies free  optimistic and joyful spirit of a man. That man is passionate  casual  spontaneous and relaxed. The composition is intensely spicy with notes of fresh apple  vanilla  warm incense and exotic African Bubinga wood. The brand chose the actor Orlando Bloom for their campaign  as his appearance  his style  personality and cool attitude perfectly embody the image of the Boss Orange brand. The campaign is shot by the photographer Steven Klein. Boss Orange for Men is available from 1st February 2011 as 60 and 100 ml EDT with an accompanying collection including 60 and 100 ml after shave lotion  75 ml after shave balm  150 ml deodorant spray and 75 ml deodorant stick.              <div class="emptyClear"> </div> </div> </div> </div>,None,18:03:2014,None
B0041WNJSS,Boss Orange Sunset Edt 50 ML,http://www.amazon.in/Fragrances/b/ref=sd_allcat_beauty_fragrance/276-6718833-1247838?ie=UTF8&node=1374298031,Rs. 3 449.00,Fragranc,Hugo Boss,Antonio Banderas,http://ecx.images-amazon.com/images/I/41ifdWzXCfL._AA160_.jpg,Rs. 3 449.00,self Colour,Beauty & Health,http://www.amazon.in/Boss-Orange-Sunset-Edt-50/dp/B0041WNJSS/ref=sr_1_61/277-4658235-3113560?s=beauty&ie=UTF8&qid=1395126897&sr=1-61,[<a class="buyAction" href="/gp/offer-listing/B0041WNJSS/ref=dp_olp_0/277-4658235-3113560?ie=UTF8&amp;condition=all">these sellers</a>],Amazon.in: Buy Boss Orange Sunset Edt 50 ML Online at Best Price in India | Amazon Beauty Store,Buy Boss Orange Sunset Edt 50 ML at lowest price in India on Amazon.in. Check out Boss Orange Sunset Edt 50 ML reviews  ratings  features  specifications and browse more Beauty products online at best prices on Amazon.in.,None,<div class="bucket" id="productDescription"> <h2>Product Description</h2> <div class="content"> <h3 class="productDescriptionSource"></h3> <div class="productDescriptionWrapper">        00% Original product Brand: Hugo Boss Launched: 2010 For women Type: floral Size: 75ML Perfect as evening wear              <div class="emptyClear"> </div> </div> </div> </div>,None,18:03:2014,None
B0084YCFR0,Hugo Boss Boss Soul Men 90ML EDT,http://www.amazon.in/Fragrances/b/ref=sd_allcat_beauty_fragrance/276-6718833-1247838?ie=UTF8&node=1374298031,Rs. 2 610.00,Fragranc,Hugo Boss,Antonio Banderas,http://ecx.images-amazon.com/images/I/41ifdWzXCfL._AA160_.jpg,Rs. 2 610.00,self Colour,Beauty & Health,http://www.amazon.in/Hugo-Boss-Soul-Men-90ML/dp/B0084YCFR0/ref=sr_1_78/277-4658235-3113560?s=beauty&ie=UTF8&qid=1395126902&sr=1-78,[<a class="buyAction" href="/gp/offer-listing/B0084YCFR0/ref=dp_olp_0/277-4658235-3113560?ie=UTF8&amp;condition=all">these sellers</a>],Amazon.in: Buy Hugo Boss Boss Soul Men 90ML EDT Online at Best Price in India | Amazon Beauty Store,Buy Hugo Boss Boss Soul Men 90ML EDT at lowest price in India on Amazon.in. Check out Hugo Boss Boss Soul Men 90ML EDT reviews  ratings  features  specifications and browse more Beauty products online at best prices on Amazon.in.,None,None,None,18:03:2014,None
B00C4A368W,Hugo Boss Baldessarini Ambre Eau De Toilette Spray  88.72ml,http://www.amazon.in/Fragrances/b/ref=sd_allcat_beauty_fragrance/276-6718833-1247838?ie=UTF8&node=1374298031,None,Fragranc,Hugo Boss,Antonio Banderas,http://ecx.images-amazon.com/images/I/41ifdWzXCfL._AA160_.jpg,None,self Colour,Beauty & Health,http://www.amazon.in/Hugo-Boss-Baldessarini-Toilette-88-72ml/dp/B00C4A368W/ref=sr_1_76/277-4658235-3113560?s=beauty&ie=UTF8&qid=1395126902&sr=1-76,[<a href="/gp/help/seller/at-a-glance.html/277-4658235-3113560?ie=UTF8&amp;seller=A3ES9F57NVVRIK">MyLuckyScent</a>],Amazon.in: Buy Hugo Boss Baldessarini Ambre Eau De Toilette Spray  88.72ml Online at Best Price in India | Amazon Beauty Store,Buy Hugo Boss Baldessarini Ambre Eau De Toilette Spray  88.72ml at lowest price in India on Amazon.in. Check out Hugo Boss Baldessarini Ambre Eau De Toilette Spray  88.72ml reviews  ratings  features  specifications and browse more Beauty products online at best prices on Amazon.in.,None,<div class="bucket" id="productDescription"> <h2>Product Description</h2> <div class="content"> <h3 class="productDescriptionSource"></h3> <div class="productDescriptionWrapper">        Design House: Hugo Boss  Year Introduced: 2007  Recommended Use: Casual  Recommended Use: Casual              <div class="emptyClear"> </div> </div> </div> </div>,None,18:03:2014,None
B007341OEM,Hugo Boss Bottled,http://www.amazon.in/Fragrances/b/ref=sd_allcat_beauty_fragrance/276-6718833-1247838?ie=UTF8&node=1374298031,Rs. 3 760.33,Fragranc,Hugo Boss,Antonio Banderas,http://ecx.images-amazon.com/images/I/41ifdWzXCfL._AA160_.jpg,Rs. 3 760.33,self Colour,Beauty & Health,http://www.amazon.in/Hugo-Boss-Bottled/dp/B007341OEM/ref=sr_1_79/277-4658235-3113560?s=beauty&ie=UTF8&qid=1395126902&sr=1-79,[<a class="buyAction" href="/gp/offer-listing/B007341OEM/ref=dp_olp_0/277-4658235-3113560?ie=UTF8&amp;condition=all">these sellers</a>],Amazon.in: Buy Hugo Boss Bottled Online at Best Price in India | Amazon Beauty Store,Buy Hugo Boss Bottled at lowest price in India on Amazon.in. Check out Hugo Boss Bottled reviews  ratings  features  specifications and browse more Beauty products online at best prices on Amazon.in.,None,<div class="bucket" id="productDescription"> <h2>Product Description</h2> <div class="content"> <h3 class="productDescriptionSource"></h3> <div class="productDescriptionWrapper">        Boss Bottled Edt Spray [100Ml]              <div class="emptyClear"> </div> </div> </div> </div>,None,18:03:2014,None
B000UU6E6O,Hugo Boss Collector Edition for Men  100ml,http://www.amazon.in/Fragrances/b/ref=sd_allcat_beauty_fragrance/276-6718833-1247838?ie=UTF8&node=1374298031,None,Fragranc,Hugo Boss,Antonio Banderas,http://ecx.images-amazon.com/images/I/41ifdWzXCfL._AA160_.jpg,None,self Colour,Beauty & Health,http://www.amazon.in/Hugo-Boss-Collector-Edition-100ml/dp/B000UU6E6O/ref=sr_1_83/277-4658235-3113560?s=beauty&ie=UTF8&qid=1395126902&sr=1-83,[<a href="/gp/help/seller/at-a-glance.html/277-4658235-3113560?ie=UTF8&amp;seller=A2O8H5ZZSCKU2K">Perfume Crush</a>],Amazon.in: Buy Hugo Boss Collector Edition for Men  100ml Online at Best Price in India | Amazon Beauty Store,Buy Hugo Boss Collector Edition for Men  100ml at lowest price in India on Amazon.in. Check out Hugo Boss Collector Edition for Men  100ml reviews  ratings  features  specifications and browse more Beauty products online at best prices on Amazon.in.,None,<div class="bucket" id="productDescription"> <h2>Product Description</h2> <div class="content"> <h3 class="productDescriptionSource"></h3> <div class="productDescriptionWrapper">        A Fragrance Worth Cherishing Boss Collector'S Edition An Eau De Toilette For Men By Hugo Boss Is An Intense   Masculine And Refreshing Fragrance . The Other Ingredients Of The Fragrance Include Alcohol Denat  Aqua/ Water  Parfum / Fragrance Linalool                <div class="emptyClear"> </div> </div> </div> </div>,None,18:03:2014,None
B000RPO23Y,hugo boss deodorant for men 150ml,http://www.amazon.in/Fragrances/b/ref=sd_allcat_beauty_fragrance/276-6718833-1247838?ie=UTF8&node=1374298031,Rs. 1 200.00,Fragranc,Hugo Boss,Antonio Banderas,http://ecx.images-amazon.com/images/I/41ifdWzXCfL._AA160_.jpg,Rs. 1 200.00,self Colour,Beauty & Health,http://www.amazon.in/hugo-boss-deodorant-men-150ml/dp/B000RPO23Y/ref=sr_1_87/277-4658235-3113560?s=beauty&ie=UTF8&qid=1395126902&sr=1-87,[<a class="buyAction" href="/gp/offer-listing/B000RPO23Y/ref=dp_olp_0/277-4658235-3113560?ie=UTF8&amp;condition=all">these sellers</a>],Amazon.in: Buy hugo boss deodorant for men 150ml Online at Best Price in India | Amazon Beauty Store,Buy hugo boss deodorant for men 150ml at lowest price in India on Amazon.in. Check out hugo boss deodorant for men 150ml reviews  ratings  features  specifications and browse more Beauty products online at best prices on Amazon.in.,None,<div class="bucket" id="productDescription"> <h2>Product Description</h2> <div class="content"> <h3 class="productDescriptionSource"></h3> <div class="productDescriptionWrapper">        In Boss Bottled a fresh and fruity top note balances with thewarm and flowery- spicy middle note dominated by geraniums seasoned with just a dab of clove.The base note is decidedly male  a vibrating harmony ofsandalwood  cedarwood and vetiver.              <div class="emptyClear"> </div> </div> </div> </div>,None,18:03:2014,None
B000C1Z6DS,Hugo Boss Deep Red Eau De Parfum Spray  88.72ml,http://www.amazon.in/Fragrances/b/ref=sd_allcat_beauty_fragrance/276-6718833-1247838?ie=UTF8&node=1374298031,None,Fragranc,Hugo Boss,Antonio Banderas,http://ecx.images-amazon.com/images/I/41ifdWzXCfL._AA160_.jpg,None,self Colour,Beauty & Health,http://www.amazon.in/Hugo-Boss-Parfum-Spray-88-72ml/dp/B000C1Z6DS/ref=sr_1_86/277-4658235-3113560?s=beauty&ie=UTF8&qid=1395126902&sr=1-86,[<a href="/gp/help/seller/at-a-glance.html/277-4658235-3113560?ie=UTF8&amp;seller=ADJ7WREVGU39P">Zephyr Online</a>],Amazon.in: Buy Hugo Boss Deep Red Eau De Parfum Spray  88.72ml Online at Best Price in India | Amazon Beauty Store,Buy Hugo Boss Deep Red Eau De Parfum Spray  88.72ml at lowest price in India on Amazon.in. Check out Hugo Boss Deep Red Eau De Parfum Spray  88.72ml reviews  ratings  features  specifications and browse more Beauty products online at best prices on Amazon.in.,None,<div class="bucket" id="productDescription"> <h2>Product Description</h2> <div class="content"> <h3 class="productDescriptionSource"></h3> <div class="productDescriptionWrapper">        Design House: Hugo Boss  Year Introduced: 2001  Recommended Use: Daytime  Recommended Use: Daytime              <div class="emptyClear"> </div> </div> </div> </div>,None,18:03:2014,None
B0084YCGBA,Hugo Boss EDT for  Men  150ml,http://www.amazon.in/Fragrances/b/ref=sd_allcat_beauty_fragrance/276-6718833-1247838?ie=UTF8&node=1374298031,None,Fragranc,Hugo Boss,Antonio Banderas,http://ecx.images-amazon.com/images/I/41ifdWzXCfL._AA160_.jpg,None,self Colour,Beauty & Health,http://www.amazon.in/Hugo-Boss-EDT-Men-150ml/dp/B0084YCGBA/ref=sr_1_90/277-4658235-3113560?s=beauty&ie=UTF8&qid=1395126902&sr=1-90,[<a href="/gp/help/seller/at-a-glance.html/277-4658235-3113560?ie=UTF8&amp;seller=A3ES9F57NVVRIK">MyLuckyScent</a>],Amazon.in: Buy Hugo Boss EDT for Men  150ml Online at Best Price in India | Amazon Beauty Store,Buy Hugo Boss EDT for Men  150ml at lowest price in India on Amazon.in. Check out Hugo Boss EDT for Men  150ml reviews  ratings  features  specifications and browse more Beauty products online at best prices on Amazon.in.,None,<div class="bucket" id="productDescription"> <h2>Product Description</h2> <div class="content"> <h3 class="productDescriptionSource"></h3> <div class="productDescriptionWrapper">        Fresh  sharp and extremely masculine  Hugo is about living life on your own terms with a certain irreverence. It is created not for those who go with the trend of the moment  but for those who seek a style of their own. Hugo thrives on individualism  living on the edge and street adrenaline.              <div class="emptyClear"> </div> </div> </div> </div>,None,18:03:2014,None
B0084YCH9G,Hugo Boss Elements EDT for Men  90ml,http://www.amazon.in/Fragrances/b/ref=sd_allcat_beauty_fragrance/276-6718833-1247838?ie=UTF8&node=1374298031,None,Fragranc,Hugo Boss,Antonio Banderas,http://ecx.images-amazon.com/images/I/41ifdWzXCfL._AA160_.jpg,None,self Colour,Beauty & Health,http://www.amazon.in/Hugo-Boss-Elements-EDT-90ml/dp/B0084YCH9G/ref=sr_1_96/277-4658235-3113560?s=beauty&ie=UTF8&qid=1395126902&sr=1-96,[<a href="/gp/help/seller/at-a-glance.html/277-4658235-3113560?ie=UTF8&amp;seller=A2NFQIUV2YGOLG">Fragume</a>],Amazon.in: Buy Hugo Boss Elements EDT for Men  90ml Online at Best Price in India | Amazon Beauty Store,Buy Hugo Boss Elements EDT for Men  90ml at lowest price in India on Amazon.in. Check out Hugo Boss Elements EDT for Men  90ml reviews  ratings  features  specifications and browse more Beauty products online at best prices on Amazon.in.,None,<div class="bucket" id="productDescription"> <h2>Product Description</h2> <div class="content"> <h3 class="productDescriptionSource"></h3> <div class="productDescriptionWrapper">        A classic aromatic fougere for men. Top notes are aldehydes  Artemisia  Lavender  Basil  Bergamot and Lemon. Middle notes are Coriander  Violet  Clary sage  Jasmine  Caraway  Lily-of-the-valley and Rose. Base notes are Leather  Sandalwood  Amber  Musk  Oakmoss and Cedar. A traditional scent that has stood the test of time.              <div class="emptyClear"> </div> </div> </div> </div>,None,18:03:2014,None
B0045KD3K0,Hugo Boss Energise Eau De Toilette Spray for Men  125ml,http://www.amazon.in/Fragrances/b/ref=sd_allcat_beauty_fragrance/276-6718833-1247838?ie=UTF8&node=1374298031,None,Fragranc,Hugo Boss,Antonio Banderas,http://ecx.images-amazon.com/images/I/41ifdWzXCfL._AA160_.jpg,None,self Colour,Beauty & Health,http://www.amazon.in/Hugo-Boss-Energise-Toilette-Spray/dp/B0045KD3K0/ref=sr_1_97/277-4658235-3113560?s=beauty&ie=UTF8&qid=1395126910&sr=1-97,[<a href="/gp/help/seller/at-a-glance.html/277-4658235-3113560?ie=UTF8&amp;seller=A22G8HZGXYSWPZ">Taha &amp; Bros.</a>],Amazon.in: Buy Hugo Boss Energise Eau De Toilette Spray for Men  125ml Online at Best Price in India | Amazon Beauty Store,Buy Hugo Boss Energise Eau De Toilette Spray for Men  125ml at lowest price in India on Amazon.in. Check out Hugo Boss Energise Eau De Toilette Spray for Men  125ml reviews  ratings  features  specifications and browse more Beauty products online at best prices on Amazon.in.,None,None,None,18:03:2014,None
B004NNA3GQ,Hugo Boss Energise Edt. Men 125 ml,http://www.amazon.in/Fragrances/b/ref=sd_allcat_beauty_fragrance/276-6718833-1247838?ie=UTF8&node=1374298031,Rs. 2 780.00,Fragranc,Hugo Boss,Antonio Banderas,http://ecx.images-amazon.com/images/I/41ifdWzXCfL._AA160_.jpg,Rs. 2 780.00,self Colour,Beauty & Health,http://www.amazon.in/Hugo-Boss-Energise-Edt-Men/dp/B004NNA3GQ/ref=sr_1_99/277-4658235-3113560?s=beauty&ie=UTF8&qid=1395126910&sr=1-99,[<a class="buyAction" href="/gp/offer-listing/B004NNA3GQ/ref=dp_olp_0/277-4658235-3113560?ie=UTF8&amp;condition=all">these sellers</a>],Hugo Boss Energise Edt. Men 125 ml: Amazon.in: Beauty,Hugo Boss Energise Edt. Men 125 ml: Amazon.in: Beauty,None,<div class="bucket" id="productDescription"> <h2>Product Description</h2> <div class="content"> <h3 class="productDescriptionSource"></h3> <div class="productDescriptionWrapper">        Hugo Energise by Hugo Boss is a Woody Aromatic fragrance for men. The nose behind this fragrance is Claude Dir. Top notes are mint  pink pepper  lemon  pineapple leaf  cardamom  kumquat and mandarin orange; middle notes are freesia  nutmeg  coriander  juniper  clary sage and jasmine; base notes are teak wood  leather and vanilla.              <div class="emptyClear"> </div> </div> </div> </div>,None,18:03:2014,None
B0084YCGH4,Hugo Boss Hugo Dark Blue Men 75ML EDT,http://www.amazon.in/Fragrances/b/ref=sd_allcat_beauty_fragrance/276-6718833-1247838?ie=UTF8&node=1374298031,None,Fragranc,Hugo Boss,Antonio Banderas,http://ecx.images-amazon.com/images/I/41ifdWzXCfL._AA160_.jpg,None,self Colour,Beauty & Health,http://www.amazon.in/Hugo-Boss-Dark-Blue-75ML/dp/B0084YCGH4/ref=sr_1_103/277-4658235-3113560?s=beauty&ie=UTF8&qid=1395126910&sr=1-103,[<a href="/gp/help/seller/at-a-glance.html/277-4658235-3113560?ie=UTF8&amp;seller=A2NFQIUV2YGOLG">Fragume</a>],Amazon.in: Buy Hugo Boss Hugo Dark Blue Men 75ML EDT Online at Best Price in India | Amazon Beauty Store,Buy Hugo Boss Hugo Dark Blue Men 75ML EDT at lowest price in India on Amazon.in. Check out Hugo Boss Hugo Dark Blue Men 75ML EDT reviews  ratings  features  specifications and browse more Beauty products online at best prices on Amazon.in.,None,None,None,18:03:2014,None
B0084YCGV0,Hugo Boss Hugo XX Women 100ML EDT,http://www.amazon.in/Fragrances/b/ref=sd_allcat_beauty_fragrance/276-6718833-1247838?ie=UTF8&node=1374298031,None,Fragranc,Hugo Boss,Antonio Banderas,http://ecx.images-amazon.com/images/I/41ifdWzXCfL._AA160_.jpg,None,self Colour,Beauty & Health,http://www.amazon.in/Hugo-Boss-Women-100ML-EDT/dp/B0084YCGV0/ref=sr_1_105/277-4658235-3113560?s=beauty&ie=UTF8&qid=1395126910&sr=1-105,[<a href="/gp/help/seller/at-a-glance.html/277-4658235-3113560?ie=UTF8&amp;seller=A2NFQIUV2YGOLG">Fragume</a>],Amazon.in: Buy Hugo Boss Hugo XX Women 100ML EDT Online at Best Price in India | Amazon Beauty Store,Buy Hugo Boss Hugo XX Women 100ML EDT at lowest price in India on Amazon.in. Check out Hugo Boss Hugo XX Women 100ML EDT reviews  ratings  features  specifications and browse more Beauty products online at best prices on Amazon.in.,None,None,None,18:03:2014,None
B000C2148S,Hugo Boss In Motion for Men  90ml,http://www.amazon.in/Fragrances/b/ref=sd_allcat_beauty_fragrance/276-6718833-1247838?ie=UTF8&node=1374298031,None,Fragranc,Hugo Boss,Antonio Banderas,http://ecx.images-amazon.com/images/I/41ifdWzXCfL._AA160_.jpg,None,self Colour,Beauty & Health,http://www.amazon.in/Hugo-Boss-Motion-Men-90ml/dp/B000C2148S/ref=sr_1_108/277-4658235-3113560?s=beauty&ie=UTF8&qid=1395126910&sr=1-108,[<a href="/gp/help/seller/at-a-glance.html/277-4658235-3113560?ie=UTF8&amp;seller=A22G8HZGXYSWPZ">Taha &amp; Bros.</a>],Amazon.in: Buy Hugo Boss In Motion for Men  90ml Online at Best Price in India | Amazon Beauty Store,Buy Hugo Boss In Motion for Men  90ml at lowest price in India on Amazon.in. Check out Hugo Boss In Motion for Men  90ml reviews  ratings  features  specifications and browse more Beauty products online at best prices on Amazon.in.,None,<div class="bucket" id="productDescription"> <h2>Product Description</h2> <div class="content"> <h3 class="productDescriptionSource"></h3> <div class="productDescriptionWrapper">        Design House: Hugo Boss  Year Introduced: 2002  Recommended Use: Daytime  Recommended Use: Daytime              <div class="emptyClear"> </div> </div> </div> </div>,None,18:03:2014,None
B005R4TSLG,Hugo boss just different for men 150ml,http://www.amazon.in/Fragrances/b/ref=sd_allcat_beauty_fragrance/276-6718833-1247838?ie=UTF8&node=1374298031,None,Fragranc,Hugo Boss,Antonio Banderas,http://ecx.images-amazon.com/images/I/41ifdWzXCfL._AA160_.jpg,None,self Colour,Beauty & Health,http://www.amazon.in/Hugo-boss-just-different-150ml/dp/B005R4TSLG/ref=sr_1_109/277-4658235-3113560?s=beauty&ie=UTF8&qid=1395126910&sr=1-109,[<a href="/gp/help/seller/at-a-glance.html/277-4658235-3113560?ie=UTF8&amp;seller=A22G8HZGXYSWPZ">Taha &amp; Bros.</a>],Amazon.in: Buy Hugo boss just different for men 150ml Online at Best Price in India | Amazon Beauty Store,Buy Hugo boss just different for men 150ml at lowest price in India on Amazon.in. Check out Hugo boss just different for men 150ml reviews  ratings  features  specifications and browse more Beauty products online at best prices on Amazon.in.,None,<div class="bucket" id="productDescription"> <h2>Product Description</h2> <div class="content"> <h3 class="productDescriptionSource"></h3> <div class="productDescriptionWrapper">        Hugo Boss Just Different for Men For those edgy souls who inhabit the urban jungle Hugo Man presents Just Different: a scent full of irreverence and creative energy. The vibrant and cooling fragrance exhilarates the senses with a fusion of theFeatures1) 2) New in box              <div class="emptyClear"> </div> </div> </div> </div>,None,18:03:2014,None
B0014DXH5C,Hugo Boss No 1 for Men  100ml,http://www.amazon.in/Fragrances/b/ref=sd_allcat_beauty_fragrance/276-6718833-1247838?ie=UTF8&node=1374298031,None,Fragranc,Hugo Boss,Antonio Banderas,http://ecx.images-amazon.com/images/I/41ifdWzXCfL._AA160_.jpg,None,self Colour,Beauty & Health,http://www.amazon.in/Hugo-Boss-No-Men-100ml/dp/B0014DXH5C/ref=sr_1_111/277-4658235-3113560?s=beauty&ie=UTF8&qid=1395126910&sr=1-111,[<a href="/gp/help/seller/at-a-glance.html/277-4658235-3113560?ie=UTF8&amp;seller=A3ES9F57NVVRIK">MyLuckyScent</a>],Amazon.in: Buy Hugo Boss No 1 for Men  100ml Online at Best Price in India | Amazon Beauty Store,Buy Hugo Boss No 1 for Men  100ml at lowest price in India on Amazon.in. Check out Hugo Boss No 1 for Men  100ml reviews  ratings  features  specifications and browse more Beauty products online at best prices on Amazon.in.,None,<div class="bucket" id="productDescription"> <h2>Product Description</h2> <div class="content"> <h3 class="productDescriptionSource"></h3> <div class="productDescriptionWrapper">        His husky baritone invokes memories of a memorable night and the authority that he radiates sends people scurrying to do his bidding. Assuming power comes easily to him for he a born leader. He demands only the best  not only from people around him but also from his own self  pushing hard and further into the boundaries of possibility to achieve what no man has achieved yet. His slow yet steady climb into the creme de la creme of society and power is not without its scars  ones that are well-hidden by the overwhelming presence of Number One from the celebrated house of Boss. The luxury Eau de Toilette is like a seductive companion who wraps her silken fingers over his heart and soul and keeps him enslaved to its wrenching aroma. Accords of artemisia  green apple  juniper  basil  grapefruit  caraway  bergamot and lemon create a luminous opening which bursts his day wide open in a flurry of freshness. Notes in the heart blend accords of honey  lavender  orris root  jasmine  sage with the floral tones of lily of the valley  rose and geranium which instigates action and strength within him during a packed day. The dry down departs and leaves behind a trail with the accords of sandalwood  amber  patchouli  musk  oakmoss  cedar and tobacco with just a hint of spicy cinnamon. The allure of Hugo Boss Number One is presented to world in a simple flacon through which the clear amber of the fragrance peeks out proving yet again that the most potent things come in the most innocuous of packages. Feel yourself go heady as the sweeping notes of Boss Number One takes over your senses.              <div class="emptyClear"> </div> </div> </div> </div>,None,18:03:2014,None
B008PRANV6,Hugo Boss Nuit Eau De Parfum Spray for Women  75ml,http://www.amazon.in/Fragrances/b/ref=sd_allcat_beauty_fragrance/276-6718833-1247838?ie=UTF8&node=1374298031,None,Fragranc,Hugo Boss,Antonio Banderas,http://ecx.images-amazon.com/images/I/41ifdWzXCfL._AA160_.jpg,None,self Colour,Beauty & Health,http://www.amazon.in/Hugo-Boss-Parfum-Spray-Women/dp/B008PRANV6/ref=sr_1_112/277-4658235-3113560?s=beauty&ie=UTF8&qid=1395126910&sr=1-112,[<a href="/gp/help/seller/at-a-glance.html/277-4658235-3113560?ie=UTF8&amp;seller=A22G8HZGXYSWPZ">Taha &amp; Bros.</a>],Amazon.in: Buy Hugo Boss Nuit Eau De Parfum Spray for Women  75ml Online at Best Price in India | Amazon Beauty Store,Buy Hugo Boss Nuit Eau De Parfum Spray for Women  75ml at lowest price in India on Amazon.in. Check out Hugo Boss Nuit Eau De Parfum Spray for Women  75ml reviews  ratings  features  specifications and browse more Beauty products online at best prices on Amazon.in.,None,<div class="bucket" id="productDescription"> <h2>Product Description</h2> <div class="content"> <h3 class="productDescriptionSource"></h3> <div class="productDescriptionWrapper">        Eau De Parfum Spray Design house by Hugo Boss  introduced in the year 2012. Fragrance notes are White Flowers  Jasmine  Violet  Musk  Crystalline Moss  and Creamy Sandalwood. Recommended for romantic use.              <div class="emptyClear"> </div> </div> </div> </div>,None,18:03:2014,None
B000C21488,Hugo Boss Number One EDT for Men  125ml,http://www.amazon.in/Fragrances/b/ref=sd_allcat_beauty_fragrance/276-6718833-1247838?ie=UTF8&node=1374298031,None,Fragranc,Hugo Boss,Antonio Banderas,http://ecx.images-amazon.com/images/I/41ifdWzXCfL._AA160_.jpg,None,self Colour,Beauty & Health,http://www.amazon.in/Hugo-Boss-Number-One-125ml/dp/B000C21488/ref=sr_1_113/277-4658235-3113560?s=beauty&ie=UTF8&qid=1395126910&sr=1-113,[<a href="/gp/help/seller/at-a-glance.html/277-4658235-3113560?ie=UTF8&amp;seller=ADJ7WREVGU39P">Zephyr Online</a>],Amazon.in: Buy Hugo Boss Number One EDT for Men  125ml Online at Best Price in India | Amazon Beauty Store,Buy Hugo Boss Number One EDT for Men  125ml at lowest price in India on Amazon.in. Check out Hugo Boss Number One EDT for Men  125ml reviews  ratings  features  specifications and browse more Beauty products online at best prices on Amazon.in.,None,<div class="bucket" id="productDescription"> <h2>Product Description</h2> <div class="content"> <h3 class="productDescriptionSource"></h3> <div class="productDescriptionWrapper">        Design House: Hugo Boss  Year Introduced: 1985  Recommended Use: Casual  Recommended Use: Casual              <div class="emptyClear"> </div> </div> </div> </div>,None,18:03:2014,None
B001FWXJ2I,HUGO BOSS PURE FOR MEN 75ML,http://www.amazon.in/Fragrances/b/ref=sd_allcat_beauty_fragrance/276-6718833-1247838?ie=UTF8&node=1374298031,None,Fragranc,Hugo Boss,Antonio Banderas,http://ecx.images-amazon.com/images/I/41ifdWzXCfL._AA160_.jpg,None,self Colour,Beauty & Health,http://www.amazon.in/HUGO-BOSS-PURE-FOR-75ML/dp/B001FWXJ2I/ref=sr_1_118/277-4658235-3113560?s=beauty&ie=UTF8&qid=1395126910&sr=1-118,[<a href="/gp/help/seller/at-a-glance.html/277-4658235-3113560?ie=UTF8&amp;seller=A2NFQIUV2YGOLG">Fragume</a>],Amazon.in: Buy HUGO BOSS PURE FOR MEN 75ML Online at Best Price in India | Amazon Beauty Store,Buy HUGO BOSS PURE FOR MEN 75ML at lowest price in India on Amazon.in. Check out HUGO BOSS PURE FOR MEN 75ML reviews  ratings  features  specifications and browse more Beauty products online at best prices on Amazon.in.,None,<div class="bucket" id="productDescription"> <h2>Product Description</h2> <div class="content"> <h3 class="productDescriptionSource"></h3> <div class="productDescriptionWrapper">        Boss Pure Hugo Boss for men. In April 2008 Hugo Boss launches new fragrance for men with very strong refreshing notes. It is a modern fragrance composed of luminous sunny citruses blended with woodsy notes.This scent is made to represent purity and freshness of water.The fragrance is named simply Pure. The bottle is simple  of straight square lines  transparent and filled with bluish colored fragrance. The fragrance is inspired with the power of water and the cool blue color is in line with its name and composition.              <div class="emptyClear"> </div> </div> </div> </div>,None,18:03:2014,None
B000P251NE,Hugo Boss Selection EDT for Men Sparay  88ml,http://www.amazon.in/Fragrances/b/ref=sd_allcat_beauty_fragrance/276-6718833-1247838?ie=UTF8&node=1374298031,None,Fragranc,Hugo Boss,Antonio Banderas,http://ecx.images-amazon.com/images/I/41ifdWzXCfL._AA160_.jpg,None,self Colour,Beauty & Health,http://www.amazon.in/Hugo-Boss-Selection-Sparay-88ml/dp/B000P251NE/ref=sr_1_120/277-4658235-3113560?s=beauty&ie=UTF8&qid=1395126910&sr=1-120,[<a href="/gp/help/seller/at-a-glance.html/277-4658235-3113560?ie=UTF8&amp;seller=A29ZFTNVZHDXBZ">Route2Fashion</a>],Amazon.in: Buy Hugo Boss Selection EDT for Men Sparay  88ml Online at Best Price in India | Amazon Beauty Store,Buy Hugo Boss Selection EDT for Men Sparay  88ml at lowest price in India on Amazon.in. Check out Hugo Boss Selection EDT for Men Sparay  88ml reviews  ratings  features  specifications and browse more Beauty products online at best prices on Amazon.in.,None,<div class="bucket" id="productDescription"> <h2>Product Description</h2> <div class="content"> <h3 class="productDescriptionSource"></h3> <div class="productDescriptionWrapper">        Design House: Hugo Boss  Year Introduced: 2006  Recommended Use: Daytime  Recommended Use: Daytime              <div class="emptyClear"> </div> </div> </div> </div>,None,18:03:2014,None
B000C1VXNA,Hugo Boss Soul Eau De Toilette Spray for Men  90ml,http://www.amazon.in/Fragrances/b/ref=sd_allcat_beauty_fragrance/276-6718833-1247838?ie=UTF8&node=1374298031,None,Fragranc,Hugo Boss,Antonio Banderas,http://ecx.images-amazon.com/images/I/41ifdWzXCfL._AA160_.jpg,None,self Colour,Beauty & Health,http://www.amazon.in/Hugo-Boss-Soul-Toilette-Spray/dp/B000C1VXNA/ref=sr_1_121/277-4658235-3113560?s=beauty&ie=UTF8&qid=1395126917&sr=1-121,[<a href="/gp/help/seller/at-a-glance.html/277-4658235-3113560?ie=UTF8&amp;seller=A22G8HZGXYSWPZ">Taha &amp; Bros.</a>],Amazon.in: Buy Hugo Boss Soul Eau De Toilette Spray for Men  90ml Online at Best Price in India | Amazon Beauty Store,Buy Hugo Boss Soul Eau De Toilette Spray for Men  90ml at lowest price in India on Amazon.in. Check out Hugo Boss Soul Eau De Toilette Spray for Men  90ml reviews  ratings  features  specifications and browse more Beauty products online at best prices on Amazon.in.,None,<div class="bucket" id="productDescription"> <h2>Product Description</h2> <div class="content"> <h3 class="productDescriptionSource"></h3> <div class="productDescriptionWrapper">        Introduced in 2005. When applying any fragrance please consider that there are several factors which can affect the natural smell of your skin and in turn  the way a scent smells on you. For instance  your mood  stress level  age  body chemistry  diet and current medications may all alter the scents you wear. Similarly  factor such as dry or oily skin can even affect the amount of time a fragrance will last after being applied.              <div class="emptyClear"> </div> </div> </div> </div>,None,18:03:2014,None
B007PY9TYC,Hugo Boss Bottled Sport Edt 100 ml,http://www.amazon.in/Fragrances/b/ref=sd_allcat_beauty_fragrance/276-6718833-1247838?ie=UTF8&node=1374298031,None,Fragranc,Hugo Boss,Antonio Banderas,http://ecx.images-amazon.com/images/I/41ifdWzXCfL._AA160_.jpg,None,self Colour,Beauty & Health,http://www.amazon.in/Hugo-Boss-Bottled-Sport-Edt/dp/B007PY9TYC/ref=sr_1_81/277-4658235-3113560?s=beauty&ie=UTF8&qid=1395126902&sr=1-81,[<a href="/gp/help/seller/at-a-glance.html/277-4658235-3113560?ie=UTF8&amp;seller=A2NFQIUV2YGOLG">Fragume</a>],Amazon.in: Buy Hugo Boss Bottled Sport Edt 100 ml Online at Best Price in India | Amazon Beauty Store,Buy Hugo Boss Bottled Sport Edt 100 ml at lowest price in India on Amazon.in. Check out Hugo Boss Bottled Sport Edt 100 ml reviews  ratings  features  specifications and browse more Beauty products online at best prices on Amazon.in.,None,<div class="bucket" id="productDescription"> <h2>Product Description</h2> <div class="content"> <h3 class="productDescriptionSource"></h3> <div class="productDescriptionWrapper">        Brand: Hugo BossBrand: Hugo Boss Type: Fragrance Quantity: 100 ml For men A fresh  energetic and very masculine fragrance Aims at men of competitive spirit willing to challenge themselves Composition is aromatic - aldehyde Top Note: Fresh pink grapefruit Middle Note: Aromatic and spicy  lavender and cardamom accords Base Note: Masculine and woody Vetiver Recommended for daily wear Great for gifting purposes Perfect for all occasions Disclaimer: Please note that the perfume may or may not come in a ploy wrap or seal pertaining to the respective brand's original packaging standards              <div class="emptyClear"> </div> </div> </div> </div>,None,18:03:2014,None
B008BVM33C,Hugo Boss Sport Edtion EDT for Men  100ml,http://www.amazon.in/Fragrances/b/ref=sd_allcat_beauty_fragrance/276-6718833-1247838?ie=UTF8&node=1374298031,None,Fragranc,Hugo Boss,Antonio Banderas,http://ecx.images-amazon.com/images/I/41ifdWzXCfL._AA160_.jpg,None,self Colour,Beauty & Health,http://www.amazon.in/Hugo-Boss-Sport-Edtion-100ml/dp/B008BVM33C/ref=sr_1_123/277-4658235-3113560?s=beauty&ie=UTF8&qid=1395126917&sr=1-123,[<a href="/gp/help/seller/at-a-glance.html/277-4658235-3113560?ie=UTF8&amp;seller=A22G8HZGXYSWPZ">Taha &amp; Bros.</a>],Amazon.in: Buy Hugo Boss Sport Edtion EDT for Men  100ml Online at Best Price in India | Amazon Beauty Store,Buy Hugo Boss Sport Edtion EDT for Men  100ml at lowest price in India on Amazon.in. Check out Hugo Boss Sport Edtion EDT for Men  100ml reviews  ratings  features  specifications and browse more Beauty products online at best prices on Amazon.in.,None,<div class="bucket" id="productDescription"> <h2>Product Description</h2> <div class="content"> <h3 class="productDescriptionSource"></h3> <div class="productDescriptionWrapper">        Boss Bottled Sport  the sporty edition of the men's fragrance Boss bottled from 1998  was presented in spring 2012. The scent is described as fresh  energetic and very masculine  aiming at men of competitive spirit willing to challenge themselves. The composition is an aromatic - aldehyde opening with fresh pink grapefruit. The heart is aromatic and spicy  thanks to lavender and cardamom accords. The fragrance is available as 50ml and 100ml EDT.              <div class="emptyClear"> </div> </div> </div> </div>,None,18:03:2014,None
B00294T9W0,Hugo Boss Xy men 100ml,http://www.amazon.in/Fragrances/b/ref=sd_allcat_beauty_fragrance/276-6718833-1247838?ie=UTF8&node=1374298031,None,Fragranc,Hugo Boss,Antonio Banderas,http://ecx.images-amazon.com/images/I/41ifdWzXCfL._AA160_.jpg,None,self Colour,Beauty & Health,http://www.amazon.in/Hugo-Boss-Xy-men-100ml/dp/B00294T9W0/ref=sr_1_126/277-4658235-3113560?s=beauty&ie=UTF8&qid=1395126917&sr=1-126,[<a href="/gp/help/seller/at-a-glance.html/277-4658235-3113560?ie=UTF8&amp;seller=A22G8HZGXYSWPZ">Taha &amp; Bros.</a>],Amazon.in: Buy Hugo Boss Xy men 100ml Online at Best Price in India | Amazon Beauty Store,Buy Hugo Boss Xy men 100ml at lowest price in India on Amazon.in. Check out Hugo Boss Xy men 100ml reviews  ratings  features  specifications and browse more Beauty products online at best prices on Amazon.in.,None,<div class="bucket" id="productDescription"> <h2>Product Description</h2> <div class="content"> <h3 class="productDescriptionSource"></h3> <div class="productDescriptionWrapper">        Hugo XY Hugo Boss for men.Hugo XY by Hugo Boss is a Woody Aromatic fragrance for men. Top notes are pear leaf  cedar and bergamot; middle notes are basil and mint; base notes are patchouli  musk and cedar.              <div class="emptyClear"> </div> </div> </div> </div>,None,18:03:2014,None
B00BOJNF9E,Hugo Element Eau De Toilette  90ml,http://www.amazon.in/Fragrances/b/ref=sd_allcat_beauty_fragrance/276-6718833-1247838?ie=UTF8&node=1374298031,None,Fragranc,Hugo Boss,Antonio Banderas,http://ecx.images-amazon.com/images/I/41ifdWzXCfL._AA160_.jpg,None,self Colour,Beauty & Health,http://www.amazon.in/Hugo-Element-Eau-Toilette-90ml/dp/B00BOJNF9E/ref=sr_1_136/277-4658235-3113560?s=beauty&ie=UTF8&qid=1395126917&sr=1-136,[<a href="/gp/help/seller/at-a-glance.html/277-4658235-3113560?ie=UTF8&amp;seller=A22G8HZGXYSWPZ">Taha &amp; Bros.</a>],Amazon.in: Buy Hugo Element Eau De Toilette  90ml Online at Best Price in India | Amazon Beauty Store,Buy Hugo Element Eau De Toilette  90ml at lowest price in India on Amazon.in. Check out Hugo Element Eau De Toilette  90ml reviews  ratings  features  specifications and browse more Beauty products online at best prices on Amazon.in.,None,<div class="bucket" id="productDescription"> <h2>Product Description</h2> <div class="content"> <h3 class="productDescriptionSource"></h3> <div class="productDescriptionWrapper">        It features notes of Calone  Coumarin  Ginger  Coriander and Cedar wood.              <div class="emptyClear"> </div> </div> </div> </div>,None,18:03:2014,None
B002ZH7DY2,HUGO ENERGISE MEN 125ML,http://www.amazon.in/Fragrances/b/ref=sd_allcat_beauty_fragrance/276-6718833-1247838?ie=UTF8&node=1374298031,None,Fragranc,Hugo Boss,Antonio Banderas,http://ecx.images-amazon.com/images/I/41ifdWzXCfL._AA160_.jpg,None,self Colour,Beauty & Health,http://www.amazon.in/Hugo-Boss-HUGO-ENERGISE-125ML/dp/B002ZH7DY2/ref=sr_1_137/277-4658235-3113560?s=beauty&ie=UTF8&qid=1395126917&sr=1-137,[<a href="/gp/help/seller/at-a-glance.html/277-4658235-3113560?ie=UTF8&amp;seller=A2NFQIUV2YGOLG">Fragume</a>],Amazon.in: Buy HUGO ENERGISE MEN 125ML Online at Best Price in India | Amazon Beauty Store,Buy HUGO ENERGISE MEN 125ML at lowest price in India on Amazon.in. Check out HUGO ENERGISE MEN 125ML reviews  ratings  features  specifications and browse more Beauty products online at best prices on Amazon.in.,None,<div class="bucket" id="productDescription"> <h2>Product Description</h2> <div class="content"> <h3 class="productDescriptionSource"></h3> <div class="productDescriptionWrapper">        Hugo Energise Hugo Boss for men.Hugo Energise by Hugo Boss is a Woody Aromatic fragrance for men. The nose behind this fragrance is Claude Dir. Top notes are mint  pink pepper  lemon  pineapple leaf  cardamom  kumquat and mandarin orange; middle notes are freesia  nutmeg  coriander  juniper  clary sage and jasmine; base notes are teak wood  leather and vanilla.              <div class="emptyClear"> </div> </div> </div> </div>,None,18:03:2014,None
B00260A142,Hugo Element,http://www.amazon.in/Fragrances/b/ref=sd_allcat_beauty_fragrance/276-6718833-1247838?ie=UTF8&node=1374298031,Rs. 2 900.00,Fragranc,Hugo Boss,Antonio Banderas,http://ecx.images-amazon.com/images/I/41ifdWzXCfL._AA160_.jpg,Rs. 2 900.00,self Colour,Beauty & Health,http://www.amazon.in/Hugo-Boss-Element/dp/B00260A142/ref=sr_1_131/277-4658235-3113560?s=beauty&ie=UTF8&qid=1395126917&sr=1-131,[<a class="buyAction" href="/gp/offer-listing/B00260A142/ref=dp_olp_0/277-4658235-3113560?ie=UTF8&amp;condition=all">these sellers</a>],Amazon.in: Buy Hugo Element Online at Best Price in India | Amazon Beauty Store,Buy Hugo Element at lowest price in India on Amazon.in. Check out Hugo Element reviews  ratings  features  specifications and browse more Beauty products online at best prices on Amazon.in.,None,<div class="bucket" id="productDescription"> <h2>Product Description</h2> <div class="content"> <h3 class="productDescriptionSource"></h3> <div class="productDescriptionWrapper">        Hugo Element for men  made by Hugo Boss  was launched in 2008. This fragrance for men is a strong masculine scent with hints of citrus  woods and spices. This men's fragrance is recommended for romantic wear.              <div class="emptyClear"> </div> </div> </div> </div>,None,18:03:2014,None
B00BEG2MC8,Hugo Xx By Hugo Boss Edt Spray 3.3 Oz,http://www.amazon.in/Fragrances/b/ref=sd_allcat_beauty_fragrance/276-6718833-1247838?ie=UTF8&node=1374298031,Rs. 3 500.00,Fragranc,Hugo Boss,Antonio Banderas,http://ecx.images-amazon.com/images/I/41ifdWzXCfL._AA160_.jpg,Rs. 3 500.00,self Colour,Beauty & Health,http://www.amazon.in/Hugo-Boss-Edt-Spray-3-3/dp/B00BEG2MC8/ref=sr_1_141/277-4658235-3113560?s=beauty&ie=UTF8&qid=1395126917&sr=1-141,[<a class="buyAction" href="/gp/offer-listing/B00BEG2MC8/ref=dp_olp_0/277-4658235-3113560?ie=UTF8&amp;condition=all">these sellers</a>],Amazon.in: Buy Hugo Xx By Hugo Boss Edt Spray 3.3 Oz Online at Best Price in India | Amazon Beauty Store,Buy Hugo Xx By Hugo Boss Edt Spray 3.3 Oz at lowest price in India on Amazon.in. Check out Hugo Xx By Hugo Boss Edt Spray 3.3 Oz reviews  ratings  features  specifications and browse more Beauty products online at best prices on Amazon.in.,None,None,None,18:03:2014,None
B00B87ME5S,Orange Sunset By Hugo Boss for Women - 2.5 Oz Edt Spray  2.5 Ounce,http://www.amazon.in/Fragrances/b/ref=sd_allcat_beauty_fragrance/276-6718833-1247838?ie=UTF8&node=1374298031,Rs. 3 490.00,Fragranc,Hugo Boss,Antonio Banderas,http://ecx.images-amazon.com/images/I/41ifdWzXCfL._AA160_.jpg,Rs. 3 490.00,self Colour,Beauty & Health,http://www.amazon.in/Orange-Sunset-Hugo-Boss-Women/dp/B00B87ME5S/ref=sr_1_151/277-4658235-3113560?s=beauty&ie=UTF8&qid=1395126925&sr=1-151,[<a class="buyAction" href="/gp/offer-listing/B00B87ME5S/ref=dp_olp_0/277-4658235-3113560?ie=UTF8&amp;condition=all">these sellers</a>],Amazon.in: Buy Orange Sunset By Hugo Boss for Women - 2.5 Oz Edt Spray  2.5 Ounce Online at Best Price in India | Amazon Beauty Store,Buy Orange Sunset By Hugo Boss for Women - 2.5 Oz Edt Spray  2.5 Ounce at lowest price in India on Amazon.in. Check out Orange Sunset By Hugo Boss for Women - 2.5 Oz Edt Spray  2.5 Ounce reviews  ratings  features  specifications and browse more Beauty products online at best prices on Amazon.in.,None,None,None,18:03:2014,None
B00EXW2FJA,Hugo Boss No 1 Edt  50ml,http://www.amazon.in/Fragrances/b/ref=sd_allcat_beauty_fragrance/276-6718833-1247838?ie=UTF8&node=1374298031,Rs. 2 975.00,Fragranc,Hugo Boss,Antonio Banderas,http://ecx.images-amazon.com/images/I/41ifdWzXCfL._AA160_.jpg,Rs. 2 975.00,self Colour,Beauty & Health,http://www.amazon.in/Hugo-Boss-No-Edt-50ml/dp/B00EXW2FJA/ref=sr_1_110/277-4658235-3113560?s=beauty&ie=UTF8&qid=1395126910&sr=1-110,[<a class="buyAction" href="/gp/offer-listing/B00EXW2FJA/ref=dp_olp_0/277-4658235-3113560?ie=UTF8&amp;condition=all">these sellers</a>],Amazon.in: Buy Hugo Boss No 1 Edt  50ml Online at Best Price in India | Amazon Beauty Store,Buy Hugo Boss No 1 Edt  50ml at lowest price in India on Amazon.in. Check out Hugo Boss No 1 Edt  50ml reviews  ratings  features  specifications and browse more Beauty products online at best prices on Amazon.in.,None,<div class="bucket" id="productDescription"> <h2>Product Description</h2> <div class="content"> <h3 class="productDescriptionSource"></h3> <div class="productDescriptionWrapper">        Blend of cardamom and nutmeg100% OriginalGives the required masculine effectRecommended for : Evening WearGender : MenBrand: BossQuantity : 50 ml              <div class="emptyClear"> </div> </div> </div> </div>,None,18:03:2014,None
B000C214A6,Hugo Boss EDT for Men  150ml,http://www.amazon.in/Fragrances/b/ref=sd_allcat_beauty_fragrance/276-6718833-1247838?ie=UTF8&node=1374298031,None,Fragranc,Hugo Boss,Antonio Banderas,http://ecx.images-amazon.com/images/I/41ifdWzXCfL._AA160_.jpg,None,self Colour,Beauty & Health,http://www.amazon.in/Hugo-Boss-EDT-Men-150ml/dp/B000C214A6/ref=sr_1_91/277-4658235-3113560?s=beauty&ie=UTF8&qid=1395126902&sr=1-91,[<a href="/gp/help/seller/at-a-glance.html/277-4658235-3113560?ie=UTF8&amp;seller=A2NFQIUV2YGOLG">Fragume</a>],Amazon.in: Buy Hugo Boss EDT for Men  150ml Online at Best Price in India | Amazon Beauty Store,Buy Hugo Boss EDT for Men  150ml at lowest price in India on Amazon.in. Check out Hugo Boss EDT for Men  150ml reviews  ratings  features  specifications and browse more Beauty products online at best prices on Amazon.in.,None,<div class="bucket" id="productDescription"> <h2>Product Description</h2> <div class="content"> <h3 class="productDescriptionSource"></h3> <div class="productDescriptionWrapper">        Fragrance notes: Woods fresh citrus and spicy leaves. When applying any fragrance please consider that there are several factors which can affect the natural smell of your skin and in turn the way a scent smells on you. For instance your mood stress level age body chemistry  diet and current medications may all alter the scents you wear. Similarly factor such as dry or oily skin can even affect the amount of time a fragrance will last after being applied.              <div class="emptyClear"> </div> </div> </div> </div>,None,18:03:2014,None
