40000_c-492,see my cute friends - pets,http://www.bagittoday.com/toys-and-books/c-1032/,r160/-,Toys & Books,Learning & Activity,private,http://images.bagittoday.com/0/images/product/40000/See-My-Cute-Friends---Pets-00.jpg,r 200/-,None,Kids,http://www.bagittoday.com/see-my-cute-friends---pets/pr-40000_c-492/,bagittoday.com,See My Cute Friends - Pets | Buy Online India,Buy original See My Cute Friends - Pets at best price in India. Read its features  reviews and specifications. Get fast & assured delivery all over India.,[],<div class="tabs-content">                  <p></p><p><font color='"#ff0000"'>See My Cute Friends - Pets</font><span style='"color:' rgb>:</span></p>  <p style='"text-align:' justify>This beautiful series is created to teach children about the fascinating world of animals. The cute  real photographs tell about animals&#8217; behavior and their habitats. Toddlers will have a great time recognizing and naming the animals.</p>                            </div>,None,1203i2014,None
39995_c-492,i play and learn - green cover - 5-7,http://www.bagittoday.com/toys-and-books/c-1032/,r68/-,Toys & Books,Learning & Activity,private,http://images.bagittoday.com/0/images/product/39995/I-Play-And-Learn150-I-Play-And-Learn---Green-Cover---5-7-00.jpg,r 85/-,None,Kids,http://www.bagittoday.com/i-play-and-learn---green-cover---5-7/pr-39995_c-492/,bagittoday.com,I Play And Learn - Green Cover - 5-7 | Buy Online India,Buy original I Play And Learn - Green Cover - 5-7 at best price in India. Read its features  reviews and specifications. Get fast & assured delivery all over India.,[],<div class="tabs-content">                  <p></p><p><font color='"#ff0000"'>I Play And Learn - Green Cover - 5/7</font><span style='"color:' rgb>:</span></p>  <p style='"text-align:' justify>A unique collection of exercises on basic learning skills: concentration  writing  counting  and logical thinking. Developed by instructors specializing in preschool education. All the exercises are presented in a playful way.</p>                            </div>,None,1203i2014,None
40001_c-492,see my cute friends - baby animals,http://www.bagittoday.com/toys-and-books/c-1032/,r160/-,Toys & Books,Learning & Activity,private,http://images.bagittoday.com/0/images/product/40001/See-My-Cute-Friends---Baby-Animals-00.jpg,r 200/-,None,Kids,http://www.bagittoday.com/see-my-cute-friends---baby-animals/pr-40001_c-492/,bagittoday.com,See My Cute Friends - Baby Animals | Buy Online India,Buy original See My Cute Friends - Baby Animals at best price in India. Read its features  reviews and specifications. Get fast & assured delivery all over India.,[],<div class="tabs-content">                  <p></p><p><font color='"#ff0000"'>See My Cute Friends - Baby Animals</font><span style='"color:' rgb>:</span></p>  <p style='"text-align:' justify>This beautiful series is created to teach children about the fascinating world of animals. The cute  real photographs tell about animals&#8217; behavior and their habitats. Toddlers will have a great time recognizing and naming the animals.</p>                            </div>,None,1203i2014,None
39990_c-492,i play and learn - green cover - 4-6,http://www.bagittoday.com/toys-and-books/c-1032/,r68/-,Toys & Books,Learning & Activity,private,http://images.bagittoday.com/0/images/product/39990/I-Play-And-Learn150-I-Play-And-Learn---Green-Cover---4-6-00.jpg,r 85/-,None,Kids,http://www.bagittoday.com/i-play-and-learn---green-cover---4-6/pr-39990_c-492/,bagittoday.com,I Play And Learn - Green Cover - 4-6 | Buy Online India,Buy original I Play And Learn - Green Cover - 4-6 at best price in India. Read its features  reviews and specifications. Get fast & assured delivery all over India.,[],<div class="tabs-content">                  <p></p><p><font color='"#ff0000"'>I Play And Learn - Green Cover / 4-6</font><span style='"color:' rgb>:</span></p>  <p style='"text-align:' justify>A unique collection of exercises on basic learning skills: concentration  writing  counting  and logical thinking. Developed by instructors specializing in preschool education. All the exercises are presented in a playful way.</p>                            </div>,None,1203i2014,None
39993_c-492,i play and learn - blue cover - 3-5,http://www.bagittoday.com/toys-and-books/c-1032/,r68/-,Toys & Books,Learning & Activity,private,http://images.bagittoday.com/0/images/product/39993/I-Play-And-Learn150-I-Play-And-Learn---Blue-Cover---3-5-00.jpg,r 85/-,None,Kids,http://www.bagittoday.com/i-play-and-learn---blue-cover---3-5/pr-39993_c-492/,bagittoday.com,I Play And Learn - Blue Cover - 3-5 | Buy Online India,Buy original I Play And Learn - Blue Cover - 3-5 at best price in India. Read its features  reviews and specifications. Get fast & assured delivery all over India.,[],<div class="tabs-content">                  <p></p><p><font color='"#ff0000"'>I Play And Learn - Blue Cover / 3-5</font><span style='"color:' rgb>:</span></p>  <p style='"text-align:' justify>A unique collection of exercises on basic learning skills: concentration  writing  counting  and logical thinking. Developed by instructors specializing in preschool education. All the exercises are presented in a playful way.</p>                            </div>,None,1203i2014,None
39997_c-492,i play and learn - yellow cover - 6-8,http://www.bagittoday.com/toys-and-books/c-1032/,r68/-,Toys & Books,Learning & Activity,private,http://images.bagittoday.com/0/images/product/39997/I-Play-And-Learn150-I-Play-And-Learn---Yellow-Cover---6-8-00.jpg,r 85/-,None,Kids,http://www.bagittoday.com/i-play-and-learn---yellow-cover---6-8/pr-39997_c-492/,bagittoday.com,I Play And Learn - Yellow Cover - 6-8 | Buy Online India,Buy original I Play And Learn - Yellow Cover - 6-8 at best price in India. Read its features  reviews and specifications. Get fast & assured delivery all over India.,[],<div class="tabs-content">                  <p></p><p><font color='"#ff0000"'>I Play And Learn - Yellow Cover - 6/8</font><span style='"color:' rgb>:</span></p>  <p style='"text-align:' justify><span style='"text-align:' justify>A unique collection of exercises on basic learning skills: concentration  writing  counting  and logical thinking. Developed by instructors specializing in preschool education. All the exercises are presented in a playful way.</span></p>                            </div>,None,1203i2014,None
39992_c-492,i play and learn - yellow cover - 3-5,http://www.bagittoday.com/toys-and-books/c-1032/,r68/-,Toys & Books,Learning & Activity,private,http://images.bagittoday.com/0/images/product/39992/I-Play-And-Learn150-I-Play-And-Learn---Yellow-Cover---3-5-00.jpg,r 85/-,None,Kids,http://www.bagittoday.com/i-play-and-learn---yellow-cover---3-5/pr-39992_c-492/,bagittoday.com,I Play And Learn - Yellow Cover - 3-5 | Buy Online India,Buy original I Play And Learn - Yellow Cover - 3-5 at best price in India. Read its features  reviews and specifications. Get fast & assured delivery all over India.,[],<div class="tabs-content">                  <p></p><p><font color='"#ff0000"'>I Play And Learn - Yellow Cover / 3-5</font><span style='"color:' rgb>:</span></p>  <p style='"text-align:' justify>A unique collection of exercises on basic learning skills: concentration  writing  counting  and logical thinking. Developed by instructors specializing in preschool education. All the exercises are presented in a playful way.</p>                            </div>,None,1203i2014,None
40002_c-492,see my cute friends - farm animals,http://www.bagittoday.com/toys-and-books/c-1032/,r160/-,Toys & Books,Learning & Activity,private,http://images.bagittoday.com/0/images/product/40002/See-My-Cute-Friends---Farm-Animals-00.jpg,r 200/-,None,Kids,http://www.bagittoday.com/see-my-cute-friends---farm-animals/pr-40002_c-492/,bagittoday.com,See My Cute Friends - Farm Animals | Buy Online India,Buy original See My Cute Friends - Farm Animals at best price in India. Read its features  reviews and specifications. Get fast & assured delivery all over India.,[],<div class="tabs-content">                  <p></p><p><font color='"#ff0000"'>See My Cute Friends - Farm Animals</font><span style='"color:' rgb>:</span></p>  <p style='"text-align:' justify>This beautiful series is created to teach children about the fascinating world of animals. The cute  real photographs tell about animals&#8217; behavior and their habitats. Toddlers will have a great time recognizing and naming the animals.</p>                            </div>,None,1203i2014,None
39991_c-492,i play and learn - pink cover - 4-6,http://www.bagittoday.com/toys-and-books/c-1032/,r68/-,Toys & Books,Learning & Activity,private,http://images.bagittoday.com/0/images/product/39991/I-Play-And-Learn150-I-Play-And-Learn---Pink-Cover---4-6-00.jpg,r 85/-,None,Kids,http://www.bagittoday.com/i-play-and-learn---pink-cover---4-6/pr-39991_c-492/,bagittoday.com,I Play And Learn - Pink Cover - 4-6 | Buy Online India,Buy original I Play And Learn - Pink Cover - 4-6 at best price in India. Read its features  reviews and specifications. Get fast & assured delivery all over India.,[],<div class="tabs-content">                  <p></p><p><font color='"#ff0000"'>I Play And Learn - Pink Cover / 4-6</font><span style='"color:' rgb>:</span></p>  <p style='"text-align:' justify>A unique collection of exercises on basic learning skills: concentration  writing  counting  and logical thinking. Developed by instructors specializing in preschool education. All the exercises are presented in a playful way.</p>                            </div>,None,1203i2014,None
39996_c-492,i play and learn - red cover - 6-8,http://www.bagittoday.com/toys-and-books/c-1032/,r68/-,Toys & Books,Learning & Activity,private,http://images.bagittoday.com/0/images/product/39996/I-Play-And-Learn150-I-Play-And-Learn---Red-Cover---6-8-00.jpg,r 85/-,None,Kids,http://www.bagittoday.com/i-play-and-learn---red-cover---6-8/pr-39996_c-492/,bagittoday.com,I Play And Learn - Red Cover - 6-8 | Buy Online India,Buy original I Play And Learn - Red Cover - 6-8 at best price in India. Read its features  reviews and specifications. Get fast & assured delivery all over India.,[],<div class="tabs-content">                  <p></p><p><font color='"#ff0000"'>I Play And Learn - Red Cover - 6/8</font><span style='"color:' rgb>:</span></p>  <p style='"text-align:' justify>A unique collection of exercises on basic learning skills: concentration  writing  counting  and logical thinking. Developed by instructors specializing in preschool education. All the exercises are presented in a playful way.</p>                            </div>,None,1203i2014,None
39999_c-492,see my cute friends - wild animals,http://www.bagittoday.com/toys-and-books/c-1032/,r160/-,Toys & Books,Learning & Activity,private,http://images.bagittoday.com/0/images/product/39999/See-My-Cute-Friends---Wild-Animals-00.jpg,r 200/-,None,Kids,http://www.bagittoday.com/see-my-cute-friends---wild-animals/pr-39999_c-492/,bagittoday.com,See My Cute Friends - Wild Animals | Buy Online India,Buy original See My Cute Friends - Wild Animals at best price in India. Read its features  reviews and specifications. Get fast & assured delivery all over India.,[],<div class="tabs-content">                  <p></p><p><span style='"color:' rgb>See My Cute Friends - Wild Animals:</span></p>  <p style='"text-align:' justify>This beautiful series is created to teach children about the fascinating world of animals. The cute  real photographs tell about animals&#8217; behavior and their habitats. Toddlers will have a great time recognizing and naming the animals.</p>                            </div>,None,1203i2014,None
39994_c-492,i play and learn - blue cover - 5-7,http://www.bagittoday.com/toys-and-books/c-1032/,r68/-,Toys & Books,Learning & Activity,private,http://images.bagittoday.com/0/images/product/39994/I-Play-And-Learn150-I-Play-And-Learn---Blue-Cover---5-7-00.jpg,r 85/-,None,Kids,http://www.bagittoday.com/i-play-and-learn---blue-cover---5-7/pr-39994_c-492/,bagittoday.com,I Play And Learn - Blue Cover - 5-7 | Buy Online India,Buy original I Play And Learn - Blue Cover - 5-7 at best price in India. Read its features  reviews and specifications. Get fast & assured delivery all over India.,[],<div class="tabs-content">                  <p></p><p><font color='"#ff0000"'>I Play And Learn - Blue Cover - 5/7</font><span style='"color:' rgb>:</span></p>  <p style='"text-align:' justify>A unique collection of exercises on basic learning skills: concentration  writing  counting  and logical thinking. Developed by instructors specializing in preschool education. All the exercises are presented in a playful way.</p>                            </div>,None,1203i2014,None
