B0009OAHCS,Davidoff Cool Water Eau De Toilette Spray for Women  100ml,http://www.amazon.in/Fragrances/b/ref=sd_allcat_beauty_fragrance/276-6718833-1247838?ie=UTF8&node=1374298031,None,Fragranc,Davidoff,NAUTICA,http://ecx.images-amazon.com/images/I/416rIeXJwbL._AA160_.jpg,None,self Colour,Beauty & Health,http://www.amazon.in/Davidoff-Water-Toilette-Spray-Women/dp/B0009OAHCS/ref=sr_1_4/279-5651777-0977715?s=beauty&ie=UTF8&qid=1395126788&sr=1-4,[<a href="/gp/help/seller/at-a-glance.html/279-5651777-0977715?ie=UTF8&amp;seller=A2NFQIUV2YGOLG">Fragume</a>],Amazon.in: Buy Davidoff Cool Water Eau De Toilette Spray for Women  100ml Online at Best Price in India | Amazon Beauty Store,Buy Davidoff Cool Water Eau De Toilette Spray for Women  100ml at lowest price in India on Amazon.in. Check out Davidoff Cool Water Eau De Toilette Spray for Women  100ml reviews  ratings  features  specifications and browse more Beauty products online at best prices on Amazon.in.,None,<div class="bucket" id="productDescription"> <h2>Product Description</h2> <div class="content"> <h3 class="productDescriptionSource"></h3> <div class="productDescriptionWrapper">        Introduced in 1996. Fragrance notes: citrus  pineapple and woody notes  blended with the scent of ocean air. Recommended use: casual. When applying any fragrance please consider that there are several factors which can affect the natural smell of your skin and in turn  the way a scent smells on you. For instance  your mood  stress level  age  body chemistry  diet and current medications may all alter the scents you wear. Similarly  factor such as dry or oily skin can even affect the amount of time a fragrance will last after being applied.              <div class="emptyClear"> </div> </div> </div> </div>,None,18:03:2014,None
B00733IRWU,Davidoff Cool Water Deodorant Spray 100ml/3.4oz,http://www.amazon.in/Fragrances/b/ref=sd_allcat_beauty_fragrance/276-6718833-1247838?ie=UTF8&node=1374298031,None,Fragranc,Davidoff,NAUTICA,http://ecx.images-amazon.com/images/I/416rIeXJwbL._AA160_.jpg,None,self Colour,Beauty & Health,http://www.amazon.in/Davidoff-Water-Deodorant-Spray-100ml/dp/B00733IRWU/ref=sr_1_7/279-5651777-0977715?s=beauty&ie=UTF8&qid=1395126788&sr=1-7,[<a href="/gp/help/seller/at-a-glance.html/279-5651777-0977715?ie=UTF8&amp;seller=A3ES9F57NVVRIK">MyLuckyScent</a>],Amazon.in: Buy Davidoff Cool Water Deodorant Spray 100ml/3.4oz Online at Best Price in India | Amazon Beauty Store,Buy Davidoff Cool Water Deodorant Spray 100ml/3.4oz at lowest price in India on Amazon.in. Check out Davidoff Cool Water Deodorant Spray 100ml/3.4oz reviews  ratings  features  specifications and browse more Beauty products online at best prices on Amazon.in.,None,None,None,18:03:2014,None
B003X5KAA4,Davidoff Champion Eau De Toilette Spray for Men  90ml,http://www.amazon.in/Fragrances/b/ref=sd_allcat_beauty_fragrance/276-6718833-1247838?ie=UTF8&node=1374298031,None,Fragranc,Davidoff,NAUTICA,http://ecx.images-amazon.com/images/I/416rIeXJwbL._AA160_.jpg,None,self Colour,Beauty & Health,http://www.amazon.in/Davidoff-Champion-Toilette-Spray-90ml/dp/B003X5KAA4/ref=sr_1_2/279-5651777-0977715?s=beauty&ie=UTF8&qid=1395126788&sr=1-2,[<a href="/gp/help/seller/at-a-glance.html/279-5651777-0977715?ie=UTF8&amp;seller=A22G8HZGXYSWPZ">Taha &amp; Bros.</a>],Amazon.in: Buy Davidoff Champion Eau De Toilette Spray for Men  90ml Online at Best Price in India | Amazon Beauty Store,Buy Davidoff Champion Eau De Toilette Spray for Men  90ml at lowest price in India on Amazon.in. Check out Davidoff Champion Eau De Toilette Spray for Men  90ml reviews  ratings  features  specifications and browse more Beauty products online at best prices on Amazon.in.,None,<div class="bucket" id="productDescription"> <h2>Product Description</h2> <div class="content"> <h3 class="productDescriptionSource"></h3> <div class="productDescriptionWrapper">        Launched by the design house of Davidoff in 2010. It is classified as masculine fragrance. It is recommended for casual wear.              <div class="emptyClear"> </div> </div> </div> </div>,None,18:03:2014,None
B000P22TIY,Nautica Voyage By Nautica For Men. Eau De Toilette Spray 3.4 oz,http://www.amazon.in/Fragrances/b/ref=sd_allcat_beauty_fragrance/276-6718833-1247838?ie=UTF8&node=1374298031,None,Fragranc,Davidoff,NAUTICA,http://ecx.images-amazon.com/images/I/416rIeXJwbL._AA160_.jpg,None,self Colour,Beauty & Health,http://www.amazon.in/Nautica-Voyage-Men-Toilette-Spray/dp/B000P22TIY/ref=sr_1_8/279-5651777-0977715?s=beauty&ie=UTF8&qid=1395126788&sr=1-8,[<a href="/gp/help/seller/at-a-glance.html/279-5651777-0977715?ie=UTF8&amp;seller=ATIGDIRBCF9VS">Haneez</a>],Amazon.in: Buy Nautica Voyage By Nautica For Men. Eau De Toilette Spray 3.4 oz Online at Best Price in India | Amazon Beauty Store,Buy Nautica Voyage By Nautica For Men. Eau De Toilette Spray 3.4 oz at lowest price in India on Amazon.in. Check out Nautica Voyage By Nautica For Men. Eau De Toilette Spray 3.4 oz reviews  ratings  features  specifications and browse more Beauty products online at best prices on Amazon.in.,None,<div class="bucket" id="productDescription"> <h2>Product Description</h2> <div class="content"> <h3 class="productDescriptionSource"></h3> <div class="productDescriptionWrapper">        Launched by the design house of Nautica.When nbsp applying nbsp any fragrance please consider that there are several factors which can affect the natural smell of your skin and in turn the way a scent smells on you. nbsp For instance your mood stress level age body chemistry nbsp diet and current medications may all alter the scents you wear. nbsp nbsp Similarly factor such as dry or oily nbsp skin can even affect the amount of time a fragrance will last after being applied              <div class="emptyClear"> </div> </div> </div> </div>,None,18:03:2014,None
B001CT0AGC,Nautica Blue EDT Spray for Men  100ml,http://www.amazon.in/Fragrances/b/ref=sd_allcat_beauty_fragrance/276-6718833-1247838?ie=UTF8&node=1374298031,None,Fragranc,Davidoff,NAUTICA,http://ecx.images-amazon.com/images/I/416rIeXJwbL._AA160_.jpg,None,self Colour,Beauty & Health,http://www.amazon.in/Nautica-Blue-EDT-Spray-100ml/dp/B001CT0AGC/ref=sr_1_6/279-5651777-0977715?s=beauty&ie=UTF8&qid=1395126788&sr=1-6,[<a href="/gp/help/seller/at-a-glance.html/279-5651777-0977715?ie=UTF8&amp;seller=A2IT7998C8946H">Perfume Nation</a>],Amazon.in: Buy Nautica Blue EDT Spray for Men  100ml Online at Best Price in India | Amazon Beauty Store,Buy Nautica Blue EDT Spray for Men  100ml at lowest price in India on Amazon.in. Check out Nautica Blue EDT Spray for Men  100ml reviews  ratings  features  specifications and browse more Beauty products online at best prices on Amazon.in.,None,<div class="bucket" id="productDescription"> <h2>Product Description</h2> <div class="content"> <h3 class="productDescriptionSource"></h3> <div class="productDescriptionWrapper">        Nautica Blue by Nautica for Men EDT Spray 100.5 milliliters Peach  Pineapple  Jasmine  Cedar  Bergamot  Musk  Sandalwood  Water Lily when applying any fragrance please consider that there are several factors which can affect the natural smell of your skin and  in turn  the way a scent smells on you. For instance  your mood  stress level  age  body chemistry  diet and current medications may all alter the scents you wear. Similarly  factor such as dry or oily skin can even affect the amount of time a fragrance will last after being applied.              <div class="emptyClear"> </div> </div> </div> </div>,None,18:03:2014,None
B0018Q31CO,Davidoff Cool Water for Men  125ml,http://www.amazon.in/Fragrances/b/ref=sd_allcat_beauty_fragrance/276-6718833-1247838?ie=UTF8&node=1374298031,None,Fragranc,Davidoff,NAUTICA,http://ecx.images-amazon.com/images/I/416rIeXJwbL._AA160_.jpg,None,self Colour,Beauty & Health,http://www.amazon.in/Davidoff-Cool-Water-Men-125ml/dp/B0018Q31CO/ref=sr_1_1/279-5651777-0977715?s=beauty&ie=UTF8&qid=1395126788&sr=1-1,[<a href="/gp/help/seller/at-a-glance.html/279-5651777-0977715?ie=UTF8&amp;seller=A2NFQIUV2YGOLG">Fragume</a>],Amazon.in: Buy Davidoff Cool Water for Men  125ml Online at Best Price in India | Amazon Beauty Store,Buy Davidoff Cool Water for Men  125ml at lowest price in India on Amazon.in. Check out Davidoff Cool Water for Men  125ml reviews  ratings  features  specifications and browse more Beauty products online at best prices on Amazon.in.,None,<div class="bucket" id="productDescription"> <h2>Product Description</h2> <div class="content"> <h3 class="productDescriptionSource"></h3> <div class="productDescriptionWrapper">        Class and panache walk alongside when you have a dab of the Davidoff Cool Water on yourself. Setting you apart from rest of the world  this perfume will give an elevated stature for your taste.              <div class="emptyClear"> </div> </div> </div> </div>,None,18:03:2014,None
B0020MMCJI,Nautica Blue Eau De Toilette Perfume  100ml,http://www.amazon.in/Fragrances/b/ref=sd_allcat_beauty_fragrance/276-6718833-1247838?ie=UTF8&node=1374298031,None,Fragranc,Davidoff,NAUTICA,http://ecx.images-amazon.com/images/I/416rIeXJwbL._AA160_.jpg,None,self Colour,Beauty & Health,http://www.amazon.in/Nautica-Blue-Toilette-Perfume-100ml/dp/B0020MMCJI/ref=sr_1_9/279-5651777-0977715?s=beauty&ie=UTF8&qid=1395126788&sr=1-9,[<a href="/gp/help/seller/at-a-glance.html/279-5651777-0977715?ie=UTF8&amp;seller=A2IT7998C8946H">Perfume Nation</a>],Amazon.in: Buy Nautica Blue Eau De Toilette Perfume  100ml Online at Best Price in India | Amazon Beauty Store,Buy Nautica Blue Eau De Toilette Perfume  100ml at lowest price in India on Amazon.in. Check out Nautica Blue Eau De Toilette Perfume  100ml reviews  ratings  features  specifications and browse more Beauty products online at best prices on Amazon.in.,None,<div class="bucket" id="productDescription"> <h2>Product Description</h2> <div class="content"> <h3 class="productDescriptionSource"></h3> <div class="productDescriptionWrapper">        NAUTICA by NAUTICA 3.4 oz EAU DE TOILETTE              <div class="emptyClear"> </div> </div> </div> </div>,None,18:03:2014,None
B0084YBULW,DavidOff Echo Men 100ML EDT,http://www.amazon.in/Fragrances/b/ref=sd_allcat_beauty_fragrance/276-6718833-1247838?ie=UTF8&node=1374298031,None,Fragranc,Davidoff,NAUTICA,http://ecx.images-amazon.com/images/I/416rIeXJwbL._AA160_.jpg,None,self Colour,Beauty & Health,http://www.amazon.in/DavidOff-Echo-Men-100ML-EDT/dp/B0084YBULW/ref=sr_1_15/279-5651777-0977715?s=beauty&ie=UTF8&qid=1395126788&sr=1-15,[<a href="/gp/help/seller/at-a-glance.html/279-5651777-0977715?ie=UTF8&amp;seller=A2NFQIUV2YGOLG">Fragume</a>],Amazon.in: Buy DavidOff Echo Men 100ML EDT Online at Best Price in India | Amazon Beauty Store,Buy DavidOff Echo Men 100ML EDT at lowest price in India on Amazon.in. Check out DavidOff Echo Men 100ML EDT reviews  ratings  features  specifications and browse more Beauty products online at best prices on Amazon.in.,None,None,None,18:03:2014,None
B0084YBVG6,Davidoff Silver Shadow EDT for Men  100ml,http://www.amazon.in/Fragrances/b/ref=sd_allcat_beauty_fragrance/276-6718833-1247838?ie=UTF8&node=1374298031,None,Fragranc,Davidoff,NAUTICA,http://ecx.images-amazon.com/images/I/416rIeXJwbL._AA160_.jpg,None,self Colour,Beauty & Health,http://www.amazon.in/Davidoff-Silver-Shadow-EDT-100ml/dp/B0084YBVG6/ref=sr_1_13/279-5651777-0977715?s=beauty&ie=UTF8&qid=1395126788&sr=1-13,[<a href="/gp/help/seller/at-a-glance.html/279-5651777-0977715?ie=UTF8&amp;seller=A2NFQIUV2YGOLG">Fragume</a>],Amazon.in: Buy Davidoff Silver Shadow EDT for Men  100ml Online at Best Price in India | Amazon Beauty Store,Buy Davidoff Silver Shadow EDT for Men  100ml at lowest price in India on Amazon.in. Check out Davidoff Silver Shadow EDT for Men  100ml reviews  ratings  features  specifications and browse more Beauty products online at best prices on Amazon.in.,None,<div class="bucket" id="productDescription"> <h2>Product Description</h2> <div class="content"> <h3 class="productDescriptionSource"></h3> <div class="productDescriptionWrapper">        Silver Shadow by Davidoff was introduced in 2005 for a mature  charismatic scent for men. Silver Shadow opens with Orange  Coriander and Cedar  then blends into Saffron and Patchouli that ends with Amber and Oak moss. Top notes are Bitter orange  Cinnamon leaves.              <div class="emptyClear"> </div> </div> </div> </div>,None,18:03:2014,None
B002XITZ08,Davidoff Cool Water EDT for Women  100ml,http://www.amazon.in/Fragrances/b/ref=sd_allcat_beauty_fragrance/276-6718833-1247838?ie=UTF8&node=1374298031,None,Fragranc,Davidoff,NAUTICA,http://ecx.images-amazon.com/images/I/416rIeXJwbL._AA160_.jpg,None,self Colour,Beauty & Health,http://www.amazon.in/Davidoff-Cool-Water-Women-100ml/dp/B002XITZ08/ref=sr_1_3/279-5651777-0977715?s=beauty&ie=UTF8&qid=1395126788&sr=1-3,[<a href="/gp/help/seller/at-a-glance.html/279-5651777-0977715?ie=UTF8&amp;seller=A22G8HZGXYSWPZ">Taha &amp; Bros.</a>],Amazon.in: Buy Davidoff Cool Water EDT for Women  100ml Online at Best Price in India | Amazon Beauty Store,Buy Davidoff Cool Water EDT for Women  100ml at lowest price in India on Amazon.in. Check out Davidoff Cool Water EDT for Women  100ml reviews  ratings  features  specifications and browse more Beauty products online at best prices on Amazon.in.,None,<div class="bucket" id="productDescription"> <h2>Product Description</h2> <div class="content"> <h3 class="productDescriptionSource"></h3> <div class="productDescriptionWrapper">        Cool Water by Davidoff for women EDT spray 6.7oz citrus pineapple and woody notes blended with the scent of ocean air. When applying any fragrance please consider that there are several factors which can affect the natural smell of your skin and in turn the way a scent smells on you. For instance your mood stress level age body chemistry diet and current medications may all alter the scents you wear. Similarly factor such as dry or oily nbsp skin can even affect the amount of time a fragrance will last after being applied.              <div class="emptyClear"> </div> </div> </div> </div>,None,18:03:2014,None
B000JLEXVC,Davidoff Silver Shadow Eau De Toilette Spray for Men  100ml,http://www.amazon.in/Fragrances/b/ref=sd_allcat_beauty_fragrance/276-6718833-1247838?ie=UTF8&node=1374298031,None,Fragranc,Davidoff,NAUTICA,http://ecx.images-amazon.com/images/I/416rIeXJwbL._AA160_.jpg,None,self Colour,Beauty & Health,http://www.amazon.in/Davidoff-Silver-Shadow-Toilette-Spray/dp/B000JLEXVC/ref=sr_1_18/279-5651777-0977715?s=beauty&ie=UTF8&qid=1395126788&sr=1-18,[<a href="/gp/help/seller/at-a-glance.html/279-5651777-0977715?ie=UTF8&amp;seller=A22G8HZGXYSWPZ">Taha &amp; Bros.</a>],Amazon.in: Buy Davidoff Silver Shadow Eau De Toilette Spray for Men  100ml Online at Best Price in India | Amazon Beauty Store,Buy Davidoff Silver Shadow Eau De Toilette Spray for Men  100ml at lowest price in India on Amazon.in. Check out Davidoff Silver Shadow Eau De Toilette Spray for Men  100ml reviews  ratings  features  specifications and browse more Beauty products online at best prices on Amazon.in.,None,<div class="bucket" id="productDescription"> <h2>Product Description</h2> <div class="content"> <h3 class="productDescriptionSource"></h3> <div class="productDescriptionWrapper">        Launched by the design house of Davidoff. When applying any fragrance please consider that there are several factors which can affect the natural smell of your skin and in turn  the way a scent smells on you. For instance  your mood  stress level  age  body chemistry  diet and current medications may all alter the scents you wear. Similarly  factor such as dry or oily skin can even affect the amount of time a fragrance will last after being applied.              <div class="emptyClear"> </div> </div> </div> </div>,None,18:03:2014,None
B000E7YK3W,Davidoff Echo Eau De Toilette Spray for Men  100ml,http://www.amazon.in/Fragrances/b/ref=sd_allcat_beauty_fragrance/276-6718833-1247838?ie=UTF8&node=1374298031,None,Fragranc,Davidoff,NAUTICA,http://ecx.images-amazon.com/images/I/416rIeXJwbL._AA160_.jpg,None,self Colour,Beauty & Health,http://www.amazon.in/Davidoff-Echo-Toilette-Spray-100ml/dp/B000E7YK3W/ref=sr_1_20/279-5651777-0977715?s=beauty&ie=UTF8&qid=1395126788&sr=1-20,[<a href="/gp/help/seller/at-a-glance.html/279-5651777-0977715?ie=UTF8&amp;seller=A2O8H5ZZSCKU2K">Perfume Crush</a>],Amazon.in: Buy Davidoff Echo Eau De Toilette Spray for Men  100ml Online at Best Price in India | Amazon Beauty Store,Buy Davidoff Echo Eau De Toilette Spray for Men  100ml at lowest price in India on Amazon.in. Check out Davidoff Echo Eau De Toilette Spray for Men  100ml reviews  ratings  features  specifications and browse more Beauty products online at best prices on Amazon.in.,None,<div class="bucket" id="productDescription"> <h2>Product Description</h2> <div class="content"> <h3 class="productDescriptionSource"></h3> <div class="productDescriptionWrapper">        Introduced in 2003. Fragrance notes: cardamon and cedarwood create this masculine fragrance. Recommended use: daytime. When applying any fragrance please consider that there are several factors which can affect the natural smell of your skin and in turn  the way a scent smells on you. For instance  your mood  stress level  age  body chemistry  diet and current medications may all alter the scents you wear. Similarly  factor such as dry or oily skin can even affect the amount of time a fragrance will last after being applied.              <div class="emptyClear"> </div> </div> </div> </div>,None,18:03:2014,None
B002XITZ1C,Davidoff Cool Water for Men  200ml,http://www.amazon.in/Fragrances/b/ref=sd_allcat_beauty_fragrance/276-6718833-1247838?ie=UTF8&node=1374298031,None,Fragranc,Davidoff,NAUTICA,http://ecx.images-amazon.com/images/I/416rIeXJwbL._AA160_.jpg,None,self Colour,Beauty & Health,http://www.amazon.in/Davidoff-Cool-Water-Men-200ml/dp/B002XITZ1C/ref=sr_1_19/279-5651777-0977715?s=beauty&ie=UTF8&qid=1395126788&sr=1-19,[<a href="/gp/help/seller/at-a-glance.html/279-5651777-0977715?ie=UTF8&amp;seller=A29ZFTNVZHDXBZ">Route2Fashion</a>],Amazon.in: Buy Davidoff Cool Water for Men  200ml Online at Best Price in India | Amazon Beauty Store,Buy Davidoff Cool Water for Men  200ml at lowest price in India on Amazon.in. Check out Davidoff Cool Water for Men  200ml reviews  ratings  features  specifications and browse more Beauty products online at best prices on Amazon.in.,None,<div class="bucket" id="productDescription"> <h2>Product Description</h2> <div class="content"> <h3 class="productDescriptionSource"></h3> <div class="productDescriptionWrapper">        "COOL WATER by Davidoff for Men EDT SPRAY 6.7 OZ lavender jasmine oakmoss musk sandalwood.When nbsp applying nbsp any fragrance please consider that there are several factors which can affect the natural smell of your skin and in turn the way a scent smells on you. nbsp For instance your mood stress level age body chemistry nbsp diet and current medications may all alter the scents you wear. nbsp nbsp Similarly factor such as dry or oily nbsp skin can even affect the amount of time a fragrance will last after being applied"              <div class="emptyClear"> </div> </div> </div> </div>,None,18:03:2014,None
B005FLMIK4,Davidoff Champion Energy Eau De Toilette Spray for Men  90ml,http://www.amazon.in/Fragrances/b/ref=sd_allcat_beauty_fragrance/276-6718833-1247838?ie=UTF8&node=1374298031,None,Fragranc,Davidoff,NAUTICA,http://ecx.images-amazon.com/images/I/416rIeXJwbL._AA160_.jpg,None,self Colour,Beauty & Health,http://www.amazon.in/Davidoff-Champion-Energy-Toilette-Spray/dp/B005FLMIK4/ref=sr_1_14/279-5651777-0977715?s=beauty&ie=UTF8&qid=1395126788&sr=1-14,[<a href="/gp/help/seller/at-a-glance.html/279-5651777-0977715?ie=UTF8&amp;seller=A2IT7998C8946H">Perfume Nation</a>],Amazon.in: Buy Davidoff Champion Energy Eau De Toilette Spray for Men  90ml Online at Best Price in India | Amazon Beauty Store,Buy Davidoff Champion Energy Eau De Toilette Spray for Men  90ml at lowest price in India on Amazon.in. Check out Davidoff Champion Energy Eau De Toilette Spray for Men  90ml reviews  ratings  features  specifications and browse more Beauty products online at best prices on Amazon.in.,None,<div class="bucket" id="productDescription"> <h2>Product Description</h2> <div class="content"> <h3 class="productDescriptionSource"></h3> <div class="productDescriptionWrapper">        An aromatic spicy fragrance for men fresh  zesty and invigorating top notes of bergamot and grapefruit heart notes of galbanum and spices Base notes of cedar and oak moss launched in 2011 suitable for sports and causal wear.              <div class="emptyClear"> </div> </div> </div> </div>,None,18:03:2014,None
B001KOTQOG,Silver Shadow Altitude Davidoff for Men  100ml,http://www.amazon.in/Fragrances/b/ref=sd_allcat_beauty_fragrance/276-6718833-1247838?ie=UTF8&node=1374298031,None,Fragranc,Davidoff,NAUTICA,http://ecx.images-amazon.com/images/I/416rIeXJwbL._AA160_.jpg,None,self Colour,Beauty & Health,http://www.amazon.in/Silver-Shadow-Altitude-Davidoff-100ml/dp/B001KOTQOG/ref=sr_1_21/279-5651777-0977715?s=beauty&ie=UTF8&qid=1395126788&sr=1-21,[<a href="/gp/help/seller/at-a-glance.html/279-5651777-0977715?ie=UTF8&amp;seller=A2NFQIUV2YGOLG">Fragume</a>],Amazon.in: Buy Silver Shadow Altitude Davidoff for Men  100ml Online at Best Price in India | Amazon Beauty Store,Buy Silver Shadow Altitude Davidoff for Men  100ml at lowest price in India on Amazon.in. Check out Silver Shadow Altitude Davidoff for Men  100ml reviews  ratings  features  specifications and browse more Beauty products online at best prices on Amazon.in.,None,<div class="bucket" id="productDescription"> <h2>Product Description</h2> <div class="content"> <h3 class="productDescriptionSource"></h3> <div class="productDescriptionWrapper">        Silver Shadow Altitude Davidoff for men.Silver Shadow Altitude by Davidoff is a Woody Aromatic fragrance for men. Silver Shadow Altitude was launched in 2007. Top notes are juniper berries  green pepper and grapefruit; middle notes are caraway  cedar and cardamom; base notes are musk  cashmere wood and incense.              <div class="emptyClear"> </div> </div> </div> </div>,None,18:03:2014,None
B0049FGKU6,ADVENTURE AMAZONIA DAVIDOFF FOR MEN 100ML,http://www.amazon.in/Fragrances/b/ref=sd_allcat_beauty_fragrance/276-6718833-1247838?ie=UTF8&node=1374298031,Rs. 2 799.00,Fragranc,Davidoff,NAUTICA,http://ecx.images-amazon.com/images/I/416rIeXJwbL._AA160_.jpg,Rs. 2 799.00,self Colour,Beauty & Health,http://www.amazon.in/ADVENTURE-AMAZONIA-DAVIDOFF-FOR-100ML/dp/B0049FGKU6/ref=sr_1_22/279-5651777-0977715?s=beauty&ie=UTF8&qid=1395126788&sr=1-22,[<a class="buyAction" href="/gp/offer-listing/B0049FGKU6/ref=dp_olp_0/279-5651777-0977715?ie=UTF8&amp;condition=all">these sellers</a>],Amazon.in: Buy ADVENTURE AMAZONIA DAVIDOFF FOR MEN 100ML Online at Best Price in India | Amazon Beauty Store,Buy ADVENTURE AMAZONIA DAVIDOFF FOR MEN 100ML at lowest price in India on Amazon.in. Check out ADVENTURE AMAZONIA DAVIDOFF FOR MEN 100ML reviews  ratings  features  specifications and browse more Beauty products online at best prices on Amazon.in.,None,<div class="bucket" id="productDescription"> <h2>Product Description</h2> <div class="content"> <h3 class="productDescriptionSource"></h3> <div class="productDescriptionWrapper"> <p> Davidoff Adventure Amazonia is a fresher and more energetic variation of rain forest aromas. Adventure Amazonia arrives in a bottle of the same design  with cold  frozen glass which represents freshness of its contents. Outer carton is coloured in warm  brown nuances of earth and burnt wood  with a map of Amazonia. Top notes incorporate crushed leaves of Mate  subtropical plant which grows in South America (Argentina  East Paraguay  West Uruguay and South Brazil). A heart also includes cru              <div class="emptyClear"> </div> </p></div> </div> </div>,None,18:03:2014,None
B00EXW2LI0,Champion,http://www.amazon.in/Fragrances/b/ref=sd_allcat_beauty_fragrance/276-6718833-1247838?ie=UTF8&node=1374298031,Rs. 2 275.00,Fragranc,Davidoff,NAUTICA,http://ecx.images-amazon.com/images/I/416rIeXJwbL._AA160_.jpg,Rs. 2 275.00,self Colour,Beauty & Health,http://www.amazon.in/Davidoff-Champion/dp/B00EXW2LI0/ref=sr_1_24/279-5651777-0977715?s=beauty&ie=UTF8&qid=1395126788&sr=1-24,[<a class="buyAction" href="/gp/offer-listing/B00EXW2LI0/ref=dp_olp_0/279-5651777-0977715?ie=UTF8&amp;condition=all">these sellers</a>],Amazon.in: Buy Champion Online at Best Price in India | Amazon Beauty Store,Buy Champion at lowest price in India on Amazon.in. Check out Champion reviews  ratings  features  specifications and browse more Beauty products online at best prices on Amazon.in.,None,<div class="bucket" id="productDescription"> <h2>Product Description</h2> <div class="content"> <h3 class="productDescriptionSource"></h3> <div class="productDescriptionWrapper">        Champions Deserve A Fragrance Like This !! Champion An Eau De Toilette For Men By Davidoff Is Fragrance Created For Champions. This Impressive Fragrance Is Energetic In Its Content. The Notes Of The Fragrance Are Fruity And Woody. The Ingredients Of The              <div class="emptyClear"> </div> </div> </div> </div>,None,18:03:2014,None
B00BO8EYFY,Champion Eau De Toilette Spray 90ml/3oz,http://www.amazon.in/Fragrances/b/ref=sd_allcat_beauty_fragrance/276-6718833-1247838?ie=UTF8&node=1374298031,Rs. 2 149.00,Fragranc,Davidoff,NAUTICA,http://ecx.images-amazon.com/images/I/416rIeXJwbL._AA160_.jpg,Rs. 2 149.00,self Colour,Beauty & Health,http://www.amazon.in/Champion-Eau-Toilette-Spray-90ml/dp/B00BO8EYFY/ref=sr_1_25/279-5651777-0977715?s=beauty&ie=UTF8&qid=1395126792&sr=1-25,[<a class="buyAction" href="/gp/offer-listing/B00BO8EYFY/ref=dp_olp_0/279-5651777-0977715?ie=UTF8&amp;condition=all">these sellers</a>],Amazon.in: Buy Champion Eau De Toilette Spray 90ml/3oz Online at Best Price in India | Amazon Beauty Store,Buy Champion Eau De Toilette Spray 90ml/3oz at lowest price in India on Amazon.in. Check out Champion Eau De Toilette Spray 90ml/3oz reviews  ratings  features  specifications and browse more Beauty products online at best prices on Amazon.in.,None,None,None,18:03:2014,None
B000CNKC76,Cool Water By Davidoff,http://www.amazon.in/Fragrances/b/ref=sd_allcat_beauty_fragrance/276-6718833-1247838?ie=UTF8&node=1374298031,Rs. 1 600.00,Fragranc,Davidoff,NAUTICA,http://ecx.images-amazon.com/images/I/416rIeXJwbL._AA160_.jpg,Rs. 1 600.00,self Colour,Beauty & Health,http://www.amazon.in/Davidoff-125197-Cool-Water-By/dp/B000CNKC76/ref=sr_1_26/279-5651777-0977715?s=beauty&ie=UTF8&qid=1395126792&sr=1-26,[<a class="buyAction" href="/gp/offer-listing/B000CNKC76/ref=dp_olp_0/279-5651777-0977715?ie=UTF8&amp;condition=all">these sellers</a>],Amazon.in: Buy Cool Water By Davidoff Online at Best Price in India | Amazon Beauty Store,Buy Cool Water By Davidoff at lowest price in India on Amazon.in. Check out Cool Water By Davidoff reviews  ratings  features  specifications and browse more Beauty products online at best prices on Amazon.in.,None,<div class="bucket" id="productDescription"> <h2>Product Description</h2> <div class="content"> <h3 class="productDescriptionSource"></h3> <div class="productDescriptionWrapper">        Design House: Davidoff  Year Introduced: 1988  Recommended Use: Daytime  Recommended Use: Daytime              <div class="emptyClear"> </div> </div> </div> </div>,None,18:03:2014,None
B001441TVA,Adventure By Davidoff For Men 100 ml,http://www.amazon.in/Fragrances/b/ref=sd_allcat_beauty_fragrance/276-6718833-1247838?ie=UTF8&node=1374298031,Rs. 2 550.00,Fragranc,Davidoff,NAUTICA,http://ecx.images-amazon.com/images/I/416rIeXJwbL._AA160_.jpg,Rs. 2 550.00,self Colour,Beauty & Health,http://www.amazon.in/Adventure-Davidoff-For-Men-100/dp/B001441TVA/ref=sr_1_23/279-5651777-0977715?s=beauty&ie=UTF8&qid=1395126788&sr=1-23,[<a class="buyAction" href="/gp/offer-listing/B001441TVA/ref=dp_olp_0/279-5651777-0977715?ie=UTF8&amp;condition=all">these sellers</a>],Adventure By Davidoff For Men 100 ml: Amazon.in: Beauty,Adventure By Davidoff For Men 100 ml: Amazon.in: Beauty,None,<div class="bucket" id="productDescription"> <h2>Product Description</h2> <div class="content"> <h3 class="productDescriptionSource"></h3> <div class="productDescriptionWrapper">        Revised- Davidoff Adventure is a fresher and more lively variant of rain forest aromas  the characteristic feature of the first edition of Adventure. Now you can buy Adventure by DAVIDOFF for Men at PerfumeCrush with the Cash on Delivery facility of PerfumeCrush. It was never so easy to buy perfumes online.              <div class="emptyClear"> </div> </div> </div> </div>,None,18:03:2014,None
B001FWXIL0,DAVIDOFF ADVENTURE FOR MEN 100ML,http://www.amazon.in/Fragrances/b/ref=sd_allcat_beauty_fragrance/276-6718833-1247838?ie=UTF8&node=1374298031,None,Fragranc,Davidoff,NAUTICA,http://ecx.images-amazon.com/images/I/416rIeXJwbL._AA160_.jpg,None,self Colour,Beauty & Health,http://www.amazon.in/DAVIDOFF-ADVENTURE-FOR-MEN-100ML/dp/B001FWXIL0/ref=sr_1_41/279-5651777-0977715?s=beauty&ie=UTF8&qid=1395126792&sr=1-41,[<a href="/gp/help/seller/at-a-glance.html/279-5651777-0977715?ie=UTF8&amp;seller=A22G8HZGXYSWPZ">Taha &amp; Bros.</a>],Amazon.in: Buy DAVIDOFF ADVENTURE FOR MEN 100ML Online at Best Price in India | Amazon Beauty Store,Buy DAVIDOFF ADVENTURE FOR MEN 100ML at lowest price in India on Amazon.in. Check out DAVIDOFF ADVENTURE FOR MEN 100ML reviews  ratings  features  specifications and browse more Beauty products online at best prices on Amazon.in.,None,<div class="bucket" id="productDescription"> <h2>Product Description</h2> <div class="content"> <h3 class="productDescriptionSource"></h3> <div class="productDescriptionWrapper">        Launched by the design house of Davidoff in 2008 DAVIDOFF ADVENTURE is a men s fragrance that possesses a blend of Woody and spicy with mandarin lemon bergamot black sesame pimento cedar vetiver and white musksWhen applying any fragrance please consider that there are several factors which can affect the natural smell of your skin and in turn the way a scent smells on you. For instance your mood stress level age body chemistry diet and current medications may all alter the scents you wear. Similarly factor such as dry or oily skin can even affect the amount of time a fragrance will last after being appliedFeatures1) Packaging for this product may vary from that shown in the image above2) This item is not for sale in Catalina Island              <div class="emptyClear"> </div> </div> </div> </div>,None,18:03:2014,None
B00EXW64YW,Cool Water Sensual Essence By Zino Davidoff Edp Spray For Women 3.4 Oz,http://www.amazon.in/Fragrances/b/ref=sd_allcat_beauty_fragrance/276-6718833-1247838?ie=UTF8&node=1374298031,Rs. 2 900.00,Fragranc,Davidoff,NAUTICA,http://ecx.images-amazon.com/images/I/416rIeXJwbL._AA160_.jpg,Rs. 2 900.00,self Colour,Beauty & Health,http://www.amazon.in/Water-Sensual-Essence-Davidoff-Spray/dp/B00EXW64YW/ref=sr_1_35/279-5651777-0977715?s=beauty&ie=UTF8&qid=1395126792&sr=1-35,[<a class="buyAction" href="/gp/offer-listing/B00EXW64YW/ref=dp_olp_0/279-5651777-0977715?ie=UTF8&amp;condition=all">these sellers</a>],Amazon.in: Buy Cool Water Sensual Essence By Zino Davidoff Edp Spray For Women 3.4 Oz Online at Best Price in India | Amazon Beauty Store,Buy Cool Water Sensual Essence By Zino Davidoff Edp Spray For Women 3.4 Oz at lowest price in India on Amazon.in. Check out Cool Water Sensual Essence By Zino Davidoff Edp Spray For Women 3.4 Oz reviews  ratings  features  specifications and browse more Beauty products online at best prices on Amazon.in.,None,None,None,18:03:2014,None
B00EV07L20,David Off Cool Water Into the Ocean for Women  100ml,http://www.amazon.in/Fragrances/b/ref=sd_allcat_beauty_fragrance/276-6718833-1247838?ie=UTF8&node=1374298031,None,Fragranc,Davidoff,NAUTICA,http://ecx.images-amazon.com/images/I/416rIeXJwbL._AA160_.jpg,None,self Colour,Beauty & Health,http://www.amazon.in/David-Water-Ocean-Women-100ml/dp/B00EV07L20/ref=sr_1_39/279-5651777-0977715?s=beauty&ie=UTF8&qid=1395126792&sr=1-39,[<a href="/gp/help/seller/at-a-glance.html/279-5651777-0977715?ie=UTF8&amp;seller=A2NFQIUV2YGOLG">Fragume</a>],Amazon.in: Buy David Off Cool Water Into the Ocean for Women  100ml Online at Best Price in India | Amazon Beauty Store,Buy David Off Cool Water Into the Ocean for Women  100ml at lowest price in India on Amazon.in. Check out David Off Cool Water Into the Ocean for Women  100ml reviews  ratings  features  specifications and browse more Beauty products online at best prices on Amazon.in.,None,<div class="bucket" id="productDescription"> <h2>Product Description</h2> <div class="content"> <h3 class="productDescriptionSource"></h3> <div class="productDescriptionWrapper">        Design House: Davidoff  Year Introduced: 2013                <div class="emptyClear"> </div> </div> </div> </div>,None,18:03:2014,None
B004DHB8ZM,Davidoff Champion Eau De Toilette  90ml,http://www.amazon.in/Fragrances/b/ref=sd_allcat_beauty_fragrance/276-6718833-1247838?ie=UTF8&node=1374298031,None,Fragranc,Davidoff,NAUTICA,http://ecx.images-amazon.com/images/I/416rIeXJwbL._AA160_.jpg,None,self Colour,Beauty & Health,http://www.amazon.in/Davidoff-Champion-Eau-Toilette-90ml/dp/B004DHB8ZM/ref=sr_1_43/279-5651777-0977715?s=beauty&ie=UTF8&qid=1395126792&sr=1-43,[<a href="/gp/help/seller/at-a-glance.html/279-5651777-0977715?ie=UTF8&amp;seller=A2NFQIUV2YGOLG">Fragume</a>],Amazon.in: Buy Davidoff Champion Eau De Toilette  90ml Online at Best Price in India | Amazon Beauty Store,Buy Davidoff Champion Eau De Toilette  90ml at lowest price in India on Amazon.in. Check out Davidoff Champion Eau De Toilette  90ml reviews  ratings  features  specifications and browse more Beauty products online at best prices on Amazon.in.,None,None,None,18:03:2014,None
B005LBRYPM,Davidoff Champion Energy Men 90ML,http://www.amazon.in/Fragrances/b/ref=sd_allcat_beauty_fragrance/276-6718833-1247838?ie=UTF8&node=1374298031,None,Fragranc,Davidoff,NAUTICA,http://ecx.images-amazon.com/images/I/416rIeXJwbL._AA160_.jpg,None,self Colour,Beauty & Health,http://www.amazon.in/Davidoff-Champion-Energy-Men-90ML/dp/B005LBRYPM/ref=sr_1_45/279-5651777-0977715?s=beauty&ie=UTF8&qid=1395126792&sr=1-45,[<a href="/gp/help/seller/at-a-glance.html/279-5651777-0977715?ie=UTF8&amp;seller=A22G8HZGXYSWPZ">Taha &amp; Bros.</a>],Amazon.in: Buy Davidoff Champion Energy Men 90ML Online at Best Price in India | Amazon Beauty Store,Buy Davidoff Champion Energy Men 90ML at lowest price in India on Amazon.in. Check out Davidoff Champion Energy Men 90ML reviews  ratings  features  specifications and browse more Beauty products online at best prices on Amazon.in.,None,<div class="bucket" id="productDescription"> <h2>Product Description</h2> <div class="content"> <h3 class="productDescriptionSource"></h3> <div class="productDescriptionWrapper">        Successor of the last year's edition Champion is a new fragrance for men Champion Energy  which arrives on the market in July 2011. The new fragrance for men will be available in the same flacon as previous edition Champion  but composed of white cylindrical body and weights colored in metallic silver. The new masculine edition was created by perfumer Aurelien Guichard. Composition of Champion Energy opens with energetic and luminous notes of bergamot and grapefruit. A heart is ruled by galbanum and fresh  cold spices  while a base leaves a trail of cedar and oak moss. Advertising face of the new fragrance will be Tyler Wood. Champion Energy hits the shelves as 30  50 and 90 ml EDT  accompanied by perfumed body care products.              <div class="emptyClear"> </div> </div> </div> </div>,None,18:03:2014,None
B006W84SLG,Davidoff Champion for Men  90ml,http://www.amazon.in/Fragrances/b/ref=sd_allcat_beauty_fragrance/276-6718833-1247838?ie=UTF8&node=1374298031,None,Fragranc,Davidoff,NAUTICA,http://ecx.images-amazon.com/images/I/416rIeXJwbL._AA160_.jpg,None,self Colour,Beauty & Health,http://www.amazon.in/Davidoff-Champion-for-Men-90ml/dp/B006W84SLG/ref=sr_1_47/279-5651777-0977715?s=beauty&ie=UTF8&qid=1395126792&sr=1-47,[<a href="/gp/help/seller/at-a-glance.html/279-5651777-0977715?ie=UTF8&amp;seller=A2NFQIUV2YGOLG">Fragume</a>],Amazon.in: Buy Davidoff Champion for Men  90ml Online at Best Price in India | Amazon Beauty Store,Buy Davidoff Champion for Men  90ml at lowest price in India on Amazon.in. Check out Davidoff Champion for Men  90ml reviews  ratings  features  specifications and browse more Beauty products online at best prices on Amazon.in.,None,<div class="bucket" id="productDescription"> <h2>Product Description</h2> <div class="content"> <h3 class="productDescriptionSource"></h3> <div class="productDescriptionWrapper">        Davidoff Champion eau de toilette spray for men is   "fresh  citrusy" scent that opens with top notes of lemon and bergamot that flow into a heart of sage and galbanum  and finally  round off with a smooth base of cedar and oak moss. Now you can buy Davidoff Champion By Davidoff For Men at PerfumeCrush.              <div class="emptyClear"> </div> </div> </div> </div>,None,18:03:2014,None
B0058I6508,Davidoff Cool Water Eau De Toilette Spray  124ml,http://www.amazon.in/Fragrances/b/ref=sd_allcat_beauty_fragrance/276-6718833-1247838?ie=UTF8&node=1374298031,None,Fragranc,Davidoff,NAUTICA,http://ecx.images-amazon.com/images/I/416rIeXJwbL._AA160_.jpg,None,self Colour,Beauty & Health,http://www.amazon.in/Davidoff-Water-Toilette-Spray-124ml/dp/B0058I6508/ref=sr_1_51/279-5651777-0977715?s=beauty&ie=UTF8&qid=1395126807&sr=1-51,[<a href="/gp/help/seller/at-a-glance.html/279-5651777-0977715?ie=UTF8&amp;seller=A2NFQIUV2YGOLG">Fragume</a>],Amazon.in: Buy Davidoff Cool Water Eau De Toilette Spray  124ml Online at Best Price in India | Amazon Beauty Store,Buy Davidoff Cool Water Eau De Toilette Spray  124ml at lowest price in India on Amazon.in. Check out Davidoff Cool Water Eau De Toilette Spray  124ml reviews  ratings  features  specifications and browse more Beauty products online at best prices on Amazon.in.,None,<div class="bucket" id="productDescription"> <h2>Product Description</h2> <div class="content"> <h3 class="productDescriptionSource"></h3> <div class="productDescriptionWrapper">        Design House: Davidoff  Year Introduced: 1988  Recommended Use: Daytime  Recommended Use: Daytime              <div class="emptyClear"> </div> </div> </div> </div>,None,18:03:2014,None
B00EZ1RXGY,Davidoff Cool Water for Men  125ml,http://www.amazon.in/Fragrances/b/ref=sd_allcat_beauty_fragrance/276-6718833-1247838?ie=UTF8&node=1374298031,None,Fragranc,Davidoff,NAUTICA,http://ecx.images-amazon.com/images/I/416rIeXJwbL._AA160_.jpg,None,self Colour,Beauty & Health,http://www.amazon.in/Davidoff-Cool-Water-Men-125ml/dp/B00EZ1RXGY/ref=sr_1_55/279-5651777-0977715?s=beauty&ie=UTF8&qid=1395126807&sr=1-55,[<a href="/gp/help/seller/at-a-glance.html/279-5651777-0977715?ie=UTF8&amp;seller=A2NFQIUV2YGOLG">Fragume</a>],Amazon.in: Buy Davidoff Cool Water for Men  125ml Online at Best Price in India | Amazon Beauty Store,Buy Davidoff Cool Water for Men  125ml at lowest price in India on Amazon.in. Check out Davidoff Cool Water for Men  125ml reviews  ratings  features  specifications and browse more Beauty products online at best prices on Amazon.in.,None,<div class="bucket" id="productDescription"> <h2>Product Description</h2> <div class="content"> <h3 class="productDescriptionSource"></h3> <div class="productDescriptionWrapper">        This fresh  sharp fragrance requires no introduction. Arguably one of the most popular perfumes of this century  its aquatic  crisp and masculine aroma has been imitated for decades. The aromas of jasmine  geranium  lavender  menthol  iris and musk invigorate all senses. So if you looking for that perfect gift for your beau  we assure you that you can go never go wrong with this charmer!              <div class="emptyClear"> </div> </div> </div> </div>,None,18:03:2014,None
B0069SVDJY,Davidoff Cool Water for Women  200ml,http://www.amazon.in/Fragrances/b/ref=sd_allcat_beauty_fragrance/276-6718833-1247838?ie=UTF8&node=1374298031,None,Fragranc,Davidoff,NAUTICA,http://ecx.images-amazon.com/images/I/416rIeXJwbL._AA160_.jpg,None,self Colour,Beauty & Health,http://www.amazon.in/Davidoff-Cool-Water-Women-200ml/dp/B0069SVDJY/ref=sr_1_56/279-5651777-0977715?s=beauty&ie=UTF8&qid=1395126807&sr=1-56,[<a href="/gp/help/seller/at-a-glance.html/279-5651777-0977715?ie=UTF8&amp;seller=A2NFQIUV2YGOLG">Fragume</a>],Amazon.in: Buy Davidoff Cool Water for Women  200ml Online at Best Price in India | Amazon Beauty Store,Buy Davidoff Cool Water for Women  200ml at lowest price in India on Amazon.in. Check out Davidoff Cool Water for Women  200ml reviews  ratings  features  specifications and browse more Beauty products online at best prices on Amazon.in.,None,<div class="bucket" id="productDescription"> <h2>Product Description</h2> <div class="content"> <h3 class="productDescriptionSource"></h3> <div class="productDescriptionWrapper">        Cool Water By Davidoff Eau De Toilette Spray 6.7oz which was launched by the design house of Davidoff in 1996. Cool Water is classified as a sharp flowery fragrance. This feminine scent possesses a blend of citrus pineapple and woody notes. Accompanied by the scent of the pure ocean air. It is recommended for daytime wear.              <div class="emptyClear"> </div> </div> </div> </div>,None,18:03:2014,None
B000JLEXEO,Davidoff Cool Water Game for Women  100ml,http://www.amazon.in/Fragrances/b/ref=sd_allcat_beauty_fragrance/276-6718833-1247838?ie=UTF8&node=1374298031,None,Fragranc,Davidoff,NAUTICA,http://ecx.images-amazon.com/images/I/416rIeXJwbL._AA160_.jpg,None,self Colour,Beauty & Health,http://www.amazon.in/Davidoff-Cool-Water-Women-100ml/dp/B000JLEXEO/ref=sr_1_57/279-5651777-0977715?s=beauty&ie=UTF8&qid=1395126807&sr=1-57,[<a href="/gp/help/seller/at-a-glance.html/279-5651777-0977715?ie=UTF8&amp;seller=A29ZFTNVZHDXBZ">Route2Fashion</a>],Amazon.in: Buy Davidoff Cool Water Game for Women  100ml Online at Best Price in India | Amazon Beauty Store,Buy Davidoff Cool Water Game for Women  100ml at lowest price in India on Amazon.in. Check out Davidoff Cool Water Game for Women  100ml reviews  ratings  features  specifications and browse more Beauty products online at best prices on Amazon.in.,None,<div class="bucket" id="productDescription"> <h2>Product Description</h2> <div class="content"> <h3 class="productDescriptionSource"></h3> <div class="productDescriptionWrapper">        Fragrant freshness that is really Cool Water Game an EDT Pour Femme  for women by Davidoff is packed in an attractive blue bottle with a design pattern. This is a mix of flowery and spicy notes . The fragrance is for casual wear.              <div class="emptyClear"> </div> </div> </div> </div>,None,18:03:2014,None
B007555GUW,Davidoff Cool Water Pure Pacific EDT - 125 ml (For Men),http://www.amazon.in/Fragrances/b/ref=sd_allcat_beauty_fragrance/276-6718833-1247838?ie=UTF8&node=1374298031,None,Fragranc,Davidoff,NAUTICA,http://ecx.images-amazon.com/images/I/416rIeXJwbL._AA160_.jpg,None,self Colour,Beauty & Health,http://www.amazon.in/Davidoff-Cool-Water-Pure-Pacific/dp/B007555GUW/ref=sr_1_60/279-5651777-0977715?s=beauty&ie=UTF8&qid=1395126807&sr=1-60,[<a href="/gp/help/seller/at-a-glance.html/279-5651777-0977715?ie=UTF8&amp;seller=A3ES9F57NVVRIK">MyLuckyScent</a>],Amazon.in: Buy Davidoff Cool Water Pure Pacific EDT - 125 ml (For Men) Online at Best Price in India | Amazon Beauty Store,Buy Davidoff Cool Water Pure Pacific EDT - 125 ml (For Men) at lowest price in India on Amazon.in. Check out Davidoff Cool Water Pure Pacific EDT - 125 ml (For Men) reviews  ratings  features  specifications and browse more Beauty products online at best prices on Amazon.in.,None,<div class="bucket" id="productDescription"> <h2>Product Description</h2> <div class="content"> <h3 class="productDescriptionSource"></h3> <div class="productDescriptionWrapper">        Ideal For Men Fragrance Classification Eau de Toilette Fragrance Family Fresh Quantity 125 ml Limited Edition Yes              <div class="emptyClear"> </div> </div> </div> </div>,None,18:03:2014,None
B00DG791T0,Davidoff Cool Water Sea Rose for Women  100ml,http://www.amazon.in/Fragrances/b/ref=sd_allcat_beauty_fragrance/276-6718833-1247838?ie=UTF8&node=1374298031,None,Fragranc,Davidoff,NAUTICA,http://ecx.images-amazon.com/images/I/416rIeXJwbL._AA160_.jpg,None,self Colour,Beauty & Health,http://www.amazon.in/Davidoff-Cool-Water-Women-100ml/dp/B00DG791T0/ref=sr_1_61/279-5651777-0977715?s=beauty&ie=UTF8&qid=1395126807&sr=1-61,[<a href="/gp/help/seller/at-a-glance.html/279-5651777-0977715?ie=UTF8&amp;seller=A2O8H5ZZSCKU2K">Perfume Crush</a>],Amazon.in: Buy Davidoff Cool Water Sea Rose for Women  100ml Online at Best Price in India | Amazon Beauty Store,Buy Davidoff Cool Water Sea Rose for Women  100ml at lowest price in India on Amazon.in. Check out Davidoff Cool Water Sea Rose for Women  100ml reviews  ratings  features  specifications and browse more Beauty products online at best prices on Amazon.in.,None,<div class="bucket" id="productDescription"> <h2>Product Description</h2> <div class="content"> <h3 class="productDescriptionSource"></h3> <div class="productDescriptionWrapper">        Cool Water Sea Rose launches in 2013 as a new chapter in the saga of love between a woman and the sea.Initial accords include delicate and juicy Japanese Nashi pear  which wraps itself around the heart made of sweet floral notes of pink peony and laid on the sensual base of musk.              <div class="emptyClear"> </div> </div> </div> </div>,None,18:03:2014,None
B000CNKJVK,Davidoff Echo Eau De Parfum Spray for Women  100ml,http://www.amazon.in/Fragrances/b/ref=sd_allcat_beauty_fragrance/276-6718833-1247838?ie=UTF8&node=1374298031,None,Fragranc,Davidoff,NAUTICA,http://ecx.images-amazon.com/images/I/416rIeXJwbL._AA160_.jpg,None,self Colour,Beauty & Health,http://www.amazon.in/Davidoff-Parfum-Spray-Women-100ml/dp/B000CNKJVK/ref=sr_1_63/279-5651777-0977715?s=beauty&ie=UTF8&qid=1395126807&sr=1-63,[<a href="/gp/help/seller/at-a-glance.html/279-5651777-0977715?ie=UTF8&amp;seller=A2O8H5ZZSCKU2K">Perfume Crush</a>],Amazon.in: Buy Davidoff Echo Eau De Parfum Spray for Women  100ml Online at Best Price in India | Amazon Beauty Store,Buy Davidoff Echo Eau De Parfum Spray for Women  100ml at lowest price in India on Amazon.in. Check out Davidoff Echo Eau De Parfum Spray for Women  100ml reviews  ratings  features  specifications and browse more Beauty products online at best prices on Amazon.in.,None,<div class="bucket" id="productDescription"> <h2>Product Description</h2> <div class="content"> <h3 class="productDescriptionSource"></h3> <div class="productDescriptionWrapper">        When applying any fragrance please consider that there are several factors which can affect the natural smell of your skin and in turn the way a scent smells on you. For instance your mood stress level age body chemistry diet and current medications may all alter the scents you wear. Similarly factor such as dry or oily skin can even affect the amount of time a fragrance will last after being applied.              <div class="emptyClear"> </div> </div> </div> </div>,None,18:03:2014,None
B0039TUU6I,Davidoff Hot water for men 110ml,http://www.amazon.in/Fragrances/b/ref=sd_allcat_beauty_fragrance/276-6718833-1247838?ie=UTF8&node=1374298031,None,Fragranc,Davidoff,NAUTICA,http://ecx.images-amazon.com/images/I/416rIeXJwbL._AA160_.jpg,None,self Colour,Beauty & Health,http://www.amazon.in/Davidoff-Hot-water-men-110ml/dp/B0039TUU6I/ref=sr_1_64/279-5651777-0977715?s=beauty&ie=UTF8&qid=1395126807&sr=1-64,[<a href="/gp/help/seller/at-a-glance.html/279-5651777-0977715?ie=UTF8&amp;seller=A29ZFTNVZHDXBZ">Route2Fashion</a>],Amazon.in: Buy Davidoff Hot water for men 110ml Online at Best Price in India | Amazon Beauty Store,Buy Davidoff Hot water for men 110ml at lowest price in India on Amazon.in. Check out Davidoff Hot water for men 110ml reviews  ratings  features  specifications and browse more Beauty products online at best prices on Amazon.in.,None,<div class="bucket" id="productDescription"> <h2>Product Description</h2> <div class="content"> <h3 class="productDescriptionSource"></h3> <div class="productDescriptionWrapper">        This was launched by the design house of Davidoff in the year 2009.The nose behind this fragrance is Davidoff.Top notes are Absynth and red basil middle notes are Pimento and patchouli.Base notes areStyrax and benzoin.This fragrance is classified as Oriental.              <div class="emptyClear"> </div> </div> </div> </div>,None,18:03:2014,None
B000V1RJ66,Davidoff Echo (M) Edt Spray 100 ml??,http://www.amazon.in/Fragrances/b/ref=sd_allcat_beauty_fragrance/276-6718833-1247838?ie=UTF8&node=1374298031,Rs. 2 988.00,Fragranc,Davidoff,NAUTICA,http://ecx.images-amazon.com/images/I/416rIeXJwbL._AA160_.jpg,Rs. 2 988.00,self Colour,Beauty & Health,http://www.amazon.in/Davidoff-Echo-Edt-Spray-100/dp/B000V1RJ66/ref=sr_1_62/279-5651777-0977715?s=beauty&ie=UTF8&qid=1395126807&sr=1-62,[<a class="buyAction" href="/gp/offer-listing/B000V1RJ66/ref=dp_olp_0/279-5651777-0977715?ie=UTF8&amp;condition=all">these sellers</a>],Amazon.in: Buy Davidoff Echo (M) Edt Spray 100 ml?? Online at Best Price in India | Amazon Beauty Store,Buy Davidoff Echo (M) Edt Spray 100 ml?? at lowest price in India on Amazon.in. Check out Davidoff Echo (M) Edt Spray 100 ml?? reviews  ratings  features  specifications and browse more Beauty products online at best prices on Amazon.in.,None,None,None,18:03:2014,None
B000CNME22,Davidoff Zino Eau De Toilette  125ml,http://www.amazon.in/Fragrances/b/ref=sd_allcat_beauty_fragrance/276-6718833-1247838?ie=UTF8&node=1374298031,None,Fragranc,Davidoff,NAUTICA,http://ecx.images-amazon.com/images/I/416rIeXJwbL._AA160_.jpg,None,self Colour,Beauty & Health,http://www.amazon.in/Davidoff-Zino-Eau-Toilette-125ml/dp/B000CNME22/ref=sr_1_65/279-5651777-0977715?s=beauty&ie=UTF8&qid=1395126807&sr=1-65,[<a href="/gp/help/seller/at-a-glance.html/279-5651777-0977715?ie=UTF8&amp;seller=A22G8HZGXYSWPZ">Taha &amp; Bros.</a>],Amazon.in: Buy Davidoff Zino Eau De Toilette  125ml Online at Best Price in India | Amazon Beauty Store,Buy Davidoff Zino Eau De Toilette  125ml at lowest price in India on Amazon.in. Check out Davidoff Zino Eau De Toilette  125ml reviews  ratings  features  specifications and browse more Beauty products online at best prices on Amazon.in.,None,<div class="bucket" id="productDescription"> <h2>Product Description</h2> <div class="content"> <h3 class="productDescriptionSource"></h3> <div class="productDescriptionWrapper">        Design House: Davidoff  Year Introduced: 1986  Recommended Use: Romantic  Recommended Use: Romantic              <div class="emptyClear"> </div> </div> </div> </div>,None,18:03:2014,None
B002XQ1Y2W,Davidoff Silver Shadow Private for Men  100ml,http://www.amazon.in/Fragrances/b/ref=sd_allcat_beauty_fragrance/276-6718833-1247838?ie=UTF8&node=1374298031,None,Fragranc,Davidoff,NAUTICA,http://ecx.images-amazon.com/images/I/416rIeXJwbL._AA160_.jpg,None,self Colour,Beauty & Health,http://www.amazon.in/Davidoff-Silver-Shadow-Private-100ml/dp/B002XQ1Y2W/ref=sr_1_16/279-5651777-0977715?s=beauty&ie=UTF8&qid=1395126788&sr=1-16,[<a href="/gp/help/seller/at-a-glance.html/279-5651777-0977715?ie=UTF8&amp;seller=A2O8H5ZZSCKU2K">Perfume Crush</a>],Amazon.in: Buy Davidoff Silver Shadow Private for Men  100ml Online at Best Price in India | Amazon Beauty Store,Buy Davidoff Silver Shadow Private for Men  100ml at lowest price in India on Amazon.in. Check out Davidoff Silver Shadow Private for Men  100ml reviews  ratings  features  specifications and browse more Beauty products online at best prices on Amazon.in.,None,<div class="bucket" id="productDescription"> <h2>Product Description</h2> <div class="content"> <h3 class="productDescriptionSource"></h3> <div class="productDescriptionWrapper">        Silver Shadow Private by Davidoff is a oriental fragrance for men. Silver Shadow Private was launched in 2008.              <div class="emptyClear"> </div> </div> </div> </div>,None,18:03:2014,None
B0012RX79Q,ECHO WOMAN DAVIDOFF FOR WOMEN 100 ML,http://www.amazon.in/Fragrances/b/ref=sd_allcat_beauty_fragrance/276-6718833-1247838?ie=UTF8&node=1374298031,None,Fragranc,Davidoff,NAUTICA,http://ecx.images-amazon.com/images/I/416rIeXJwbL._AA160_.jpg,None,self Colour,Beauty & Health,http://www.amazon.in/ECHO-WOMAN-DAVIDOFF-FOR-WOMEN/dp/B0012RX79Q/ref=sr_1_72/279-5651777-0977715?s=beauty&ie=UTF8&qid=1395126807&sr=1-72,[<a href="/gp/help/seller/at-a-glance.html/279-5651777-0977715?ie=UTF8&amp;seller=A2NFQIUV2YGOLG">Fragume</a>],Amazon.in: Buy ECHO WOMAN DAVIDOFF FOR WOMEN 100 ML Online at Best Price in India | Amazon Beauty Store,Buy ECHO WOMAN DAVIDOFF FOR WOMEN 100 ML at lowest price in India on Amazon.in. Check out ECHO WOMAN DAVIDOFF FOR WOMEN 100 ML reviews  ratings  features  specifications and browse more Beauty products online at best prices on Amazon.in.,None,<div class="bucket" id="productDescription"> <h2>Product Description</h2> <div class="content"> <h3 class="productDescriptionSource"></h3> <div class="productDescriptionWrapper">        Its scent possesses a blend of nutmeg  suede  black pepper  sandalwood  pimento  musk  and cedarwood entice everybody with echo woman.              <div class="emptyClear"> </div> </div> </div> </div>,None,18:03:2014,None
B002P6BL5A,Hot Water After Shave Lotion By Davidoff For Men 110 ml,http://www.amazon.in/Fragrances/b/ref=sd_allcat_beauty_fragrance/276-6718833-1247838?ie=UTF8&node=1374298031,None,Fragranc,Davidoff,NAUTICA,http://ecx.images-amazon.com/images/I/416rIeXJwbL._AA160_.jpg,None,self Colour,Beauty & Health,http://www.amazon.in/Water-After-Shave-Lotion-Davidoff/dp/B002P6BL5A/ref=sr_1_73/279-5651777-0977715?s=beauty&ie=UTF8&qid=1395126821&sr=1-73,[<a href="/gp/help/seller/at-a-glance.html/279-5651777-0977715?ie=UTF8&amp;seller=A2NFQIUV2YGOLG">Fragume</a>],Amazon.in: Buy Hot Water After Shave Lotion By Davidoff For Men 110 ml Online at Best Price in India | Amazon Beauty Store,Buy Hot Water After Shave Lotion By Davidoff For Men 110 ml at lowest price in India on Amazon.in. Check out Hot Water After Shave Lotion By Davidoff For Men 110 ml reviews  ratings  features  specifications and browse more Beauty products online at best prices on Amazon.in.,None,<div class="bucket" id="productDescription"> <h2>Product Description</h2> <div class="content"> <h3 class="productDescriptionSource"></h3> <div class="productDescriptionWrapper">        This fragrance is much like desires- raw  fiery and carnal. The sizzling aromas of absynth  red basil  pimento and patchouli add to its red hot charisma. And  you thought a perfume cannot reflect your inner desires! The clean  sharp and edgy feel of this fragrance definitely places it on our hot favourite list.              <div class="emptyClear"> </div> </div> </div> </div>,None,18:03:2014,None
B003JTOS0C,Nautica Blue By Nautica For Men Edt Spray 3.4 Oz,http://www.amazon.in/Fragrances/b/ref=sd_allcat_beauty_fragrance/276-6718833-1247838?ie=UTF8&node=1374298031,None,Fragranc,Davidoff,NAUTICA,http://ecx.images-amazon.com/images/I/416rIeXJwbL._AA160_.jpg,None,self Colour,Beauty & Health,http://www.amazon.in/Nautica-Blue-For-Men-Spray/dp/B003JTOS0C/ref=sr_1_79/279-5651777-0977715?s=beauty&ie=UTF8&qid=1395126821&sr=1-79,[<a href="/gp/help/seller/at-a-glance.html/279-5651777-0977715?ie=UTF8&amp;seller=A2NFQIUV2YGOLG">Fragume</a>],Amazon.in: Buy Nautica Blue By Nautica For Men Edt Spray 3.4 Oz Online at Best Price in India | Amazon Beauty Store,Buy Nautica Blue By Nautica For Men Edt Spray 3.4 Oz at lowest price in India on Amazon.in. Check out Nautica Blue By Nautica For Men Edt Spray 3.4 Oz reviews  ratings  features  specifications and browse more Beauty products online at best prices on Amazon.in.,None,<div class="bucket" id="productDescription"> <h2>Product Description</h2> <div class="content"> <h3 class="productDescriptionSource"></h3> <div class="productDescriptionWrapper">        Nautica Blue 3.4 oz edt spray (Mens)              <div class="emptyClear"> </div> </div> </div> </div>,None,18:03:2014,None
B007W15WU8,Nautica Aqua Rush Nautica for men,http://www.amazon.in/Fragrances/b/ref=sd_allcat_beauty_fragrance/276-6718833-1247838?ie=UTF8&node=1374298031,None,Fragranc,Davidoff,NAUTICA,http://ecx.images-amazon.com/images/I/416rIeXJwbL._AA160_.jpg,None,self Colour,Beauty & Health,http://www.amazon.in/Nautica-Aqua-Rush-men/dp/B007W15WU8/ref=sr_1_77/279-5651777-0977715?s=beauty&ie=UTF8&qid=1395126821&sr=1-77,[<a href="/gp/help/seller/at-a-glance.html/279-5651777-0977715?ie=UTF8&amp;seller=ATIGDIRBCF9VS">Haneez</a>],Amazon.in: Buy Nautica Aqua Rush Nautica for men Online at Best Price in India | Amazon Beauty Store,Buy Nautica Aqua Rush Nautica for men at lowest price in India on Amazon.in. Check out Nautica Aqua Rush Nautica for men reviews  ratings  features  specifications and browse more Beauty products online at best prices on Amazon.in.,None,<div class="bucket" id="productDescription"> <h2>Product Description</h2> <div class="content"> <h3 class="productDescriptionSource"></h3> <div class="productDescriptionWrapper">        NAUTICA AQUA RUSH by Nautica for MEN EDT SPRAY 1.7 OZ Launched by the design house of Nautica in 2012              <div class="emptyClear"> </div> </div> </div> </div>,None,18:03:2014,None
B00BQLYBTI,Nautica Aqua Rush Gold By Nautica Edt Spray 100.55 ml,http://www.amazon.in/Fragrances/b/ref=sd_allcat_beauty_fragrance/276-6718833-1247838?ie=UTF8&node=1374298031,None,Fragranc,Davidoff,NAUTICA,http://ecx.images-amazon.com/images/I/416rIeXJwbL._AA160_.jpg,None,self Colour,Beauty & Health,http://www.amazon.in/Nautica-Aqua-Rush-Spray-100-55/dp/B00BQLYBTI/ref=sr_1_76/279-5651777-0977715?s=beauty&ie=UTF8&qid=1395126821&sr=1-76,[<a href="/gp/help/seller/at-a-glance.html/279-5651777-0977715?ie=UTF8&amp;seller=ATIGDIRBCF9VS">Haneez</a>],Amazon.in: Buy Nautica Aqua Rush Gold By Nautica Edt Spray 100.55 ml Online at Best Price in India | Amazon Beauty Store,Buy Nautica Aqua Rush Gold By Nautica Edt Spray 100.55 ml at lowest price in India on Amazon.in. Check out Nautica Aqua Rush Gold By Nautica Edt Spray 100.55 ml reviews  ratings  features  specifications and browse more Beauty products online at best prices on Amazon.in.,None,<div class="bucket" id="productDescription"> <h2>Product Description</h2> <div class="content"> <h3 class="productDescriptionSource"></h3> <div class="productDescriptionWrapper">        Design House: Nautica  Year Introduced: 2013                <div class="emptyClear"> </div> </div> </div> </div>,None,18:03:2014,None
B003YPCDU8,Nautica Pure By Nautica Edt Spray 100.55 ml,http://www.amazon.in/Fragrances/b/ref=sd_allcat_beauty_fragrance/276-6718833-1247838?ie=UTF8&node=1374298031,None,Fragranc,Davidoff,NAUTICA,http://ecx.images-amazon.com/images/I/416rIeXJwbL._AA160_.jpg,None,self Colour,Beauty & Health,http://www.amazon.in/Nautica-Pure-Edt-Spray-100-55/dp/B003YPCDU8/ref=sr_1_86/279-5651777-0977715?s=beauty&ie=UTF8&qid=1395126821&sr=1-86,[<a href="/gp/help/seller/at-a-glance.html/279-5651777-0977715?ie=UTF8&amp;seller=ATIGDIRBCF9VS">Haneez</a>],Amazon.in: Buy Nautica Pure By Nautica Edt Spray 100.55 ml Online at Best Price in India | Amazon Beauty Store,Buy Nautica Pure By Nautica Edt Spray 100.55 ml at lowest price in India on Amazon.in. Check out Nautica Pure By Nautica Edt Spray 100.55 ml reviews  ratings  features  specifications and browse more Beauty products online at best prices on Amazon.in.,None,<div class="bucket" id="productDescription"> <h2>Product Description</h2> <div class="content"> <h3 class="productDescriptionSource"></h3> <div class="productDescriptionWrapper">        Design House: Nautica  Year Introduced: 2010  Recommended Use: Casual  Recommended Use: Casual              <div class="emptyClear"> </div> </div> </div> </div>,None,18:03:2014,None
B00BQKAUSU,Silver Shadow Altitude Eau De Toilette Spray 100ml/3.4oz,http://www.amazon.in/Fragrances/b/ref=sd_allcat_beauty_fragrance/276-6718833-1247838?ie=UTF8&node=1374298031,Rs. 2 040.00,Fragranc,Davidoff,NAUTICA,http://ecx.images-amazon.com/images/I/416rIeXJwbL._AA160_.jpg,Rs. 2 040.00,self Colour,Beauty & Health,http://www.amazon.in/Silver-Shadow-Altitude-Toilette-Spray/dp/B00BQKAUSU/ref=sr_1_94/279-5651777-0977715?s=beauty&ie=UTF8&qid=1395126821&sr=1-94,[<a class="buyAction" href="/gp/offer-listing/B00BQKAUSU/ref=dp_olp_0/279-5651777-0977715?ie=UTF8&amp;condition=all">these sellers</a>],Amazon.in: Buy Silver Shadow Altitude Eau De Toilette Spray 100ml/3.4oz Online at Best Price in India | Amazon Beauty Store,Buy Silver Shadow Altitude Eau De Toilette Spray 100ml/3.4oz at lowest price in India on Amazon.in. Check out Silver Shadow Altitude Eau De Toilette Spray 100ml/3.4oz reviews  ratings  features  specifications and browse more Beauty products online at best prices on Amazon.in.,None,None,None,18:03:2014,None
B00CFD1A0Y,Nautica Voyage By Nautica Edt Spray 100.55 ml,http://www.amazon.in/Fragrances/b/ref=sd_allcat_beauty_fragrance/276-6718833-1247838?ie=UTF8&node=1374298031,Rs. 2 450.00,Fragranc,Davidoff,NAUTICA,http://ecx.images-amazon.com/images/I/416rIeXJwbL._AA160_.jpg,Rs. 2 450.00,self Colour,Beauty & Health,http://www.amazon.in/Nautica-Voyage-Edt-Spray-100-55/dp/B00CFD1A0Y/ref=sr_1_91/279-5651777-0977715?s=beauty&ie=UTF8&qid=1395126821&sr=1-91,[<a class="buyAction" href="/gp/offer-listing/B00CFD1A0Y/ref=dp_olp_0/279-5651777-0977715?ie=UTF8&amp;condition=all">these sellers</a>],Amazon.in: Buy Nautica Voyage By Nautica Edt Spray 100.55 ml Online at Best Price in India | Amazon Beauty Store,Buy Nautica Voyage By Nautica Edt Spray 100.55 ml at lowest price in India on Amazon.in. Check out Nautica Voyage By Nautica Edt Spray 100.55 ml reviews  ratings  features  specifications and browse more Beauty products online at best prices on Amazon.in.,None,<div class="bucket" id="productDescription"> <h2>Product Description</h2> <div class="content"> <h3 class="productDescriptionSource"></h3> <div class="productDescriptionWrapper">        Design House: Nautica  Year Introduced: 2006  Recommended Use: Daytime  Recommended Use: Daytime              <div class="emptyClear"> </div> </div> </div> </div>,None,18:03:2014,None
B000G0X7N6,SILVER SHADOW BY DAVIDOFF FOR MEN 100ML,http://www.amazon.in/Fragrances/b/ref=sd_allcat_beauty_fragrance/276-6718833-1247838?ie=UTF8&node=1374298031,None,Fragranc,Davidoff,NAUTICA,http://ecx.images-amazon.com/images/I/416rIeXJwbL._AA160_.jpg,None,self Colour,Beauty & Health,http://www.amazon.in/SILVER-SHADOW-DAVIDOFF-FOR-100ML/dp/B000G0X7N6/ref=sr_1_95/279-5651777-0977715?s=beauty&ie=UTF8&qid=1395126821&sr=1-95,[<a href="/gp/help/seller/at-a-glance.html/279-5651777-0977715?ie=UTF8&amp;seller=A2NFQIUV2YGOLG">Fragume</a>],Amazon.in: Buy SILVER SHADOW BY DAVIDOFF FOR MEN 100ML Online at Best Price in India | Amazon Beauty Store,Buy SILVER SHADOW BY DAVIDOFF FOR MEN 100ML at lowest price in India on Amazon.in. Check out SILVER SHADOW BY DAVIDOFF FOR MEN 100ML reviews  ratings  features  specifications and browse more Beauty products online at best prices on Amazon.in.,None,<div class="bucket" id="productDescription"> <h2>Product Description</h2> <div class="content"> <h3 class="productDescriptionSource"></h3> <div class="productDescriptionWrapper">        Silver Shadow Davidoff for men.Silver Shadow is an oriental woody fragrance which was presented in 2005. Fresh orange and spicy coriander open the composition  they lead to the mysterious heart combined of hot saffron and patchouli leaves. Warm  pleasant base notes feature sensual amber  benzoin and oakmoss.Designer of the fragrance is Francis Kurkdjian  while the bottle was designed by Thierry de Baschmakoff.              <div class="emptyClear"> </div> </div> </div> </div>,None,18:03:2014,None
B00C4YDW8W,David Off Cool Water Into the Ocean for Men  125ml,http://www.amazon.in/Fragrances/b/ref=sd_allcat_beauty_fragrance/276-6718833-1247838?ie=UTF8&node=1374298031,None,Fragranc,Davidoff,NAUTICA,http://ecx.images-amazon.com/images/I/416rIeXJwbL._AA160_.jpg,None,self Colour,Beauty & Health,http://www.amazon.in/David-Cool-Water-Ocean-125ml/dp/B00C4YDW8W/ref=sr_1_38/279-5651777-0977715?s=beauty&ie=UTF8&qid=1395126792&sr=1-38,[<a href="/gp/help/seller/at-a-glance.html/279-5651777-0977715?ie=UTF8&amp;seller=A2NFQIUV2YGOLG">Fragume</a>],Amazon.in: Buy David Off Cool Water Into the Ocean for Men  125ml Online at Best Price in India | Amazon Beauty Store,Buy David Off Cool Water Into the Ocean for Men  125ml at lowest price in India on Amazon.in. Check out David Off Cool Water Into the Ocean for Men  125ml reviews  ratings  features  specifications and browse more Beauty products online at best prices on Amazon.in.,None,<div class="bucket" id="productDescription"> <h2>Product Description</h2> <div class="content"> <h3 class="productDescriptionSource"></h3> <div class="productDescriptionWrapper">        Design House: Davidoff  Year Introduced: 2013                <div class="emptyClear"> </div> </div> </div> </div>,None,18:03:2014,None
B00EXW6U4G,Echo By Davidoff For Men 100 ml,http://www.amazon.in/Fragrances/b/ref=sd_allcat_beauty_fragrance/276-6718833-1247838?ie=UTF8&node=1374298031,Rs. 2 699.00,Fragranc,Davidoff,NAUTICA,http://ecx.images-amazon.com/images/I/416rIeXJwbL._AA160_.jpg,Rs. 2 699.00,self Colour,Beauty & Health,http://www.amazon.in/Echo-Davidoff-For-Men-100/dp/B00EXW6U4G/ref=sr_1_68/279-5651777-0977715?s=beauty&ie=UTF8&qid=1395126807&sr=1-68,[<a class="buyAction" href="/gp/offer-listing/B00EXW6U4G/ref=dp_olp_0/279-5651777-0977715?ie=UTF8&amp;condition=all">these sellers</a>],Amazon.in: Buy Echo By Davidoff For Men 100 ml Online at Best Price in India | Amazon Beauty Store,Buy Echo By Davidoff For Men 100 ml at lowest price in India on Amazon.in. Check out Echo By Davidoff For Men 100 ml reviews  ratings  features  specifications and browse more Beauty products online at best prices on Amazon.in.,None,<div class="bucket" id="productDescription"> <h2>Product Description</h2> <div class="content"> <h3 class="productDescriptionSource"></h3> <div class="productDescriptionWrapper">        This masculine fragrance is a blend of cardamom and cedarwood. Attract everybody with ECHO.              <div class="emptyClear"> </div> </div> </div> </div>,None,18:03:2014,None
B005HTKJ00,NAUTICA BLUE by Nautica Eau De Toilette Spray 3.4 oz for Men,http://www.amazon.in/Fragrances/b/ref=sd_allcat_beauty_fragrance/276-6718833-1247838?ie=UTF8&node=1374298031,None,Fragranc,Davidoff,NAUTICA,http://ecx.images-amazon.com/images/I/416rIeXJwbL._AA160_.jpg,None,self Colour,Beauty & Health,http://www.amazon.in/NAUTICA-BLUE-Nautica-Toilette-Spray/dp/B005HTKJ00/ref=sr_1_78/279-5651777-0977715?s=beauty&ie=UTF8&qid=1395126821&sr=1-78,[<a href="/gp/help/seller/at-a-glance.html/279-5651777-0977715?ie=UTF8&amp;seller=A2IT7998C8946H">Perfume Nation</a>],Amazon.in: Buy NAUTICA BLUE by Nautica Eau De Toilette Spray 3.4 oz for Men Online at Best Price in India | Amazon Beauty Store,Buy NAUTICA BLUE by Nautica Eau De Toilette Spray 3.4 oz for Men at lowest price in India on Amazon.in. Check out NAUTICA BLUE by Nautica Eau De Toilette Spray 3.4 oz for Men reviews  ratings  features  specifications and browse more Beauty products online at best prices on Amazon.in.,None,<div class="bucket" id="productDescription"> <h2>Product Description</h2> <div class="content"> <h3 class="productDescriptionSource"></h3> <div class="productDescriptionWrapper">        "It has top notes of lavender and amber a heart of lemon rose and sage with a base of moss amber and musk."              <div class="emptyClear"> </div> </div> </div> </div>,None,18:03:2014,None
