B002XQ1YJU,United Colors of Benetton Gold EDP for Women  75ml,http://www.amazon.in/Fragrances/b/ref=sd_allcat_beauty_fragrance/276-6718833-1247838?ie=UTF8&node=1374298031,None,Fragranc,Eau de Toilette,Benetton,http://ecx.images-amazon.com/images/I/41tRwmNX%2B5L._AA160_.jpg,None,United Colors of Benetton Gold EDP for Women  75ml,Beauty & Health,http://www.amazon.in/United-Colors-Benetton-Gold-Women/dp/B002XQ1YJU/ref=sr_1_4/278-5111767-9472601?s=beauty&ie=UTF8&qid=1395126994&sr=1-4,[<a href="/gp/help/seller/at-a-glance.html/278-5111767-9472601?ie=UTF8&amp;seller=A2NFQIUV2YGOLG">Fragume</a>],Amazon.in: Buy United Colors of Benetton Gold EDP for Women  75ml Online at Best Price in India | Amazon Beauty Store,Buy United Colors of Benetton Gold EDP for Women  75ml at lowest price in India on Amazon.in. Check out United Colors of Benetton Gold EDP for Women  75ml reviews  ratings  features  specifications and browse more Beauty products online at best prices on Amazon.in.,None,<div class="bucket" id="productDescription"> <h2>Product Description</h2> <div class="content"> <h3 class="productDescriptionSource"></h3> <div class="productDescriptionWrapper">        Benetton Gold is a floral fragrance launched in 2006. It includes the notes of heliotrope  mandarin  neroli  cocoa  cotton  iris  white musk  cashmere and roses. Available as EDT of 75 ml.              <div class="emptyClear"> </div> </div> </div> </div>,None,18:03:2014,None
B008DYJKLA,Let'S Move By Benetton for Men  100ml,http://www.amazon.in/Fragrances/b/ref=sd_allcat_beauty_fragrance/276-6718833-1247838?ie=UTF8&node=1374298031,None,Fragranc,Eau de Toilette,Benetton,http://ecx.images-amazon.com/images/I/41tRwmNX%2B5L._AA160_.jpg,None,self Colour,Beauty & Health,http://www.amazon.in/LetS-Move-Benetton-Men-100ml/dp/B008DYJKLA/ref=sr_1_7/278-5111767-9472601?s=beauty&ie=UTF8&qid=1395126994&sr=1-7,[<a href="/gp/help/seller/at-a-glance.html/278-5111767-9472601?ie=UTF8&amp;seller=A2NFQIUV2YGOLG">Fragume</a>],Amazon.in: Buy Let'S Move By Benetton for Men  100ml Online at Best Price in India | Amazon Beauty Store,Buy Let'S Move By Benetton for Men  100ml at lowest price in India on Amazon.in. Check out Let'S Move By Benetton for Men  100ml reviews  ratings  features  specifications and browse more Beauty products online at best prices on Amazon.in.,None,<div class="bucket" id="productDescription"> <h2>Product Description</h2> <div class="content"> <h3 class="productDescriptionSource"></h3> <div class="productDescriptionWrapper">        BENETTON LET S MOVE by Benetton for MEN EDT SPRAY 3.4 OZ Launched by the design house of Benetton in 2012 BENETTON LET S MOVE by Benetton possesses a blend of Bergamot Mandarin Spicy Pepper And Earthy Cedar Wood.. It is recommended for casual wear.Features1) Design House: Benetton2) Fragrance Notes: Bergamot Mandarin Spicy Pepper And Earthy Cedar Wood.3) Recommended Use: casual              <div class="emptyClear"> </div> </div> </div> </div>,None,18:03:2014,None
B000VOLJGO,United Colors of Benetton Cold Eau De Toilette Spray for Women and Men  100ml,http://www.amazon.in/Fragrances/b/ref=sd_allcat_beauty_fragrance/276-6718833-1247838?ie=UTF8&node=1374298031,None,Fragranc,Eau de Toilette,Benetton,http://ecx.images-amazon.com/images/I/41tRwmNX%2B5L._AA160_.jpg,None,United Colors of Benetton Cold Eau De Toilette Spray for Women and Men  100ml,Beauty & Health,http://www.amazon.in/United-Colors-Benetton-Toilette-Spray/dp/B000VOLJGO/ref=sr_1_1/278-5111767-9472601?s=beauty&ie=UTF8&qid=1395126994&sr=1-1,[<a href="/gp/help/seller/at-a-glance.html/278-5111767-9472601?ie=UTF8&amp;seller=A2NFQIUV2YGOLG">Fragume</a>],Amazon.in: Buy United Colors of Benetton Cold Eau De Toilette Spray for Women and Men  100ml Online at Best Price in India | Amazon Beauty Store,Buy United Colors of Benetton Cold Eau De Toilette Spray for Women and Men  100ml at lowest price in India on Amazon.in. Check out United Colors of Benetton Cold Eau De Toilette Spray for Women and Men  100ml reviews  ratings  features  specifications and browse more Beauty products online at best prices on Amazon.in.,None,<div class="bucket" id="productDescription"> <h2>Product Description</h2> <div class="content"> <h3 class="productDescriptionSource"></h3> <div class="productDescriptionWrapper">        Launched by the design house of Benetton in 1997  Cold is a men's fragrance that possesses a blend of lemon  mandarin and geranium. It is recommended for romantic wear. When applying any fragrance please consider that there are several factors which can affect the natural smell of your skin and  in turn  the way a scent smells on you. For instance  your mood  stress level  age  body chemistry  diet and current medications may all alter the scents you wear. Similarly  factor such as dry or oily skin can even affect the amount of time a fragrance will last after being applied.              <div class="emptyClear"> </div> </div> </div> </div>,None,18:03:2014,None
B0009MJYK6,Benetton Hot Eau De Toilette  100ml,http://www.amazon.in/Fragrances/b/ref=sd_allcat_beauty_fragrance/276-6718833-1247838?ie=UTF8&node=1374298031,None,Fragranc,Eau de Toilette,Benetton,http://ecx.images-amazon.com/images/I/41tRwmNX%2B5L._AA160_.jpg,None,self Colour,Beauty & Health,http://www.amazon.in/Benetton-Hot-Eau-Toilette-100ml/dp/B0009MJYK6/ref=sr_1_6/278-5111767-9472601?s=beauty&ie=UTF8&qid=1395126994&sr=1-6,[<a href="/gp/help/seller/at-a-glance.html/278-5111767-9472601?ie=UTF8&amp;seller=A2NFQIUV2YGOLG">Fragume</a>],Amazon.in: Buy Benetton Hot Eau De Toilette  100ml Online at Best Price in India | Amazon Beauty Store,Buy Benetton Hot Eau De Toilette  100ml at lowest price in India on Amazon.in. Check out Benetton Hot Eau De Toilette  100ml reviews  ratings  features  specifications and browse more Beauty products online at best prices on Amazon.in.,None,<div class="bucket" id="productDescription"> <h2>Product Description</h2> <div class="content"> <h3 class="productDescriptionSource"></h3> <div class="productDescriptionWrapper">        Benetton Hot for Women 100ml EDT              <div class="emptyClear"> </div> </div> </div> </div>,None,18:03:2014,None
B006E3PPDO,United Colors of Benetton Cold Silver Eau De Toilette for Men  100ml,http://www.amazon.in/Fragrances/b/ref=sd_allcat_beauty_fragrance/276-6718833-1247838?ie=UTF8&node=1374298031,None,Fragranc,Eau de Toilette,Benetton,http://ecx.images-amazon.com/images/I/41tRwmNX%2B5L._AA160_.jpg,None,United Colors of Benetton Cold Silver Eau De Toilette for Men  100ml,Beauty & Health,http://www.amazon.in/United-Colors-Benetton-Silver-Toilette/dp/B006E3PPDO/ref=sr_1_3/278-5111767-9472601?s=beauty&ie=UTF8&qid=1395126994&sr=1-3,[<a href="/gp/help/seller/at-a-glance.html/278-5111767-9472601?ie=UTF8&amp;seller=A2NFQIUV2YGOLG">Fragume</a>],Amazon.in: Buy United Colors of Benetton Cold Silver Eau De Toilette for Men  100ml Online at Best Price in India | Amazon Beauty Store,Buy United Colors of Benetton Cold Silver Eau De Toilette for Men  100ml at lowest price in India on Amazon.in. Check out United Colors of Benetton Cold Silver Eau De Toilette for Men  100ml reviews  ratings  features  specifications and browse more Beauty products online at best prices on Amazon.in.,None,<div class="bucket" id="productDescription"> <h2>Product Description</h2> <div class="content"> <h3 class="productDescriptionSource"></h3> <div class="productDescriptionWrapper">        A distinguished fragrance for him with a woody base that blends silver moss and mineral amber.              <div class="emptyClear"> </div> </div> </div> </div>,None,18:03:2014,None
B000VOLJH8,Benetton Colors Eau De Toilette  100ml,http://www.amazon.in/Fragrances/b/ref=sd_allcat_beauty_fragrance/276-6718833-1247838?ie=UTF8&node=1374298031,None,Fragranc,Eau de Toilette,Benetton,http://ecx.images-amazon.com/images/I/41tRwmNX%2B5L._AA160_.jpg,None,Benetton Colors Eau De Toilette  100ml,Beauty & Health,http://www.amazon.in/Benetton-Colors-Eau-Toilette-100ml/dp/B000VOLJH8/ref=sr_1_10/278-5111767-9472601?s=beauty&ie=UTF8&qid=1395126994&sr=1-10,[<a href="/gp/help/seller/at-a-glance.html/278-5111767-9472601?ie=UTF8&amp;seller=A29ZFTNVZHDXBZ">Route2Fashion</a>],Amazon.in: Buy Benetton Colors Eau De Toilette  100ml Online at Best Price in India | Amazon Beauty Store,Buy Benetton Colors Eau De Toilette  100ml at lowest price in India on Amazon.in. Check out Benetton Colors Eau De Toilette  100ml reviews  ratings  features  specifications and browse more Beauty products online at best prices on Amazon.in.,None,<div class="bucket" id="productDescription"> <h2>Product Description</h2> <div class="content"> <h3 class="productDescriptionSource"></h3> <div class="productDescriptionWrapper">        Design House: Benetton  Year Introduced: 1988  Recommended Use: Daytime  Recommended Use: Daytime              <div class="emptyClear"> </div> </div> </div> </div>,None,18:03:2014,None
B0020MMBXA,Benetton B United Jeans Eau De Toilette Spray for Women  100ml,http://www.amazon.in/Fragrances/b/ref=sd_allcat_beauty_fragrance/276-6718833-1247838?ie=UTF8&node=1374298031,None,Fragranc,Eau de Toilette,Benetton,http://ecx.images-amazon.com/images/I/41tRwmNX%2B5L._AA160_.jpg,None,self Colour,Beauty & Health,http://www.amazon.in/Benetton-United-Jeans-Toilette-Spray/dp/B0020MMBXA/ref=sr_1_15/278-5111767-9472601?s=beauty&ie=UTF8&qid=1395126994&sr=1-15,[<a href="/gp/help/seller/at-a-glance.html/278-5111767-9472601?ie=UTF8&amp;seller=A2NFQIUV2YGOLG">Fragume</a>],Amazon.in: Buy Benetton B United Jeans Eau De Toilette Spray for Women  100ml Online at Best Price in India | Amazon Beauty Store,Buy Benetton B United Jeans Eau De Toilette Spray for Women  100ml at lowest price in India on Amazon.in. Check out Benetton B United Jeans Eau De Toilette Spray for Women  100ml reviews  ratings  features  specifications and browse more Beauty products online at best prices on Amazon.in.,None,<div class="bucket" id="productDescription"> <h2>Product Description</h2> <div class="content"> <h3 class="productDescriptionSource"></h3> <div class="productDescriptionWrapper">        When applying any fragrance please consider that there are several factors which can affect the natural smell of your skin and  in turn  the way a scent smells on you. For instance  your mood  stress level  age  body chemistry  diet and current medications may all alter the scents you wear. Similarly  factor such as dry or oily skin can even affect the amount of time a fragrance will last after being applied.              <div class="emptyClear"> </div> </div> </div> </div>,None,18:03:2014,None
B000GHWWLC,Benetton Paradiso Pink EDT 3.4 Ounce,http://www.amazon.in/Fragrances/b/ref=sd_allcat_beauty_fragrance/276-6718833-1247838?ie=UTF8&node=1374298031,None,Fragranc,Eau de Toilette,Benetton,http://ecx.images-amazon.com/images/I/41tRwmNX%2B5L._AA160_.jpg,None,self Colour,Beauty & Health,http://www.amazon.in/Benetton-Paradiso-Pink-EDT-Ounce/dp/B000GHWWLC/ref=sr_1_11/278-5111767-9472601?s=beauty&ie=UTF8&qid=1395126994&sr=1-11,[<a href="/gp/help/seller/at-a-glance.html/278-5111767-9472601?ie=UTF8&amp;seller=A2NFQIUV2YGOLG">Fragume</a>],Amazon.in: Buy Benetton Paradiso Pink EDT 3.4 Ounce Online at Best Price in India | Amazon Beauty Store,Buy Benetton Paradiso Pink EDT 3.4 Ounce at lowest price in India on Amazon.in. Check out Benetton Paradiso Pink EDT 3.4 Ounce reviews  ratings  features  specifications and browse more Beauty products online at best prices on Amazon.in.,None,<div class="bucket" id="productDescription"> <h2>Product Description</h2> <div class="content"> <h3 class="productDescriptionSource"></h3> <div class="productDescriptionWrapper">        Design House: Benetton  Year Introduced: 2004  Recommended Use: Evening  Recommended Use: Evening              <div class="emptyClear"> </div> </div> </div> </div>,None,18:03:2014,None
B0017LZASS,PARADISO INFERNO BLUE For Men 3.4 oz EDT Spray By BENETTON,http://www.amazon.in/Fragrances/b/ref=sd_allcat_beauty_fragrance/276-6718833-1247838?ie=UTF8&node=1374298031,Rs. 1 149.00,Fragranc,Eau de Toilette,Benetton,http://ecx.images-amazon.com/images/I/41tRwmNX%2B5L._AA160_.jpg,Rs. 1 149.00,self Colour,Beauty & Health,http://www.amazon.in/PARADISO-INFERNO-BLUE-Spray-BENETTON/dp/B0017LZASS/ref=sr_1_8/278-5111767-9472601?s=beauty&ie=UTF8&qid=1395126994&sr=1-8,[<a class="buyAction" href="/gp/offer-listing/B0017LZASS/ref=dp_olp_0/278-5111767-9472601?ie=UTF8&amp;condition=all">these sellers</a>],Amazon.in: Buy PARADISO INFERNO BLUE For Men 3.4 oz EDT Spray By BENETTON Online at Best Price in India | Amazon Beauty Store,Buy PARADISO INFERNO BLUE For Men 3.4 oz EDT Spray By BENETTON at lowest price in India on Amazon.in. Check out PARADISO INFERNO BLUE For Men 3.4 oz EDT Spray By BENETTON reviews  ratings  features  specifications and browse more Beauty products online at best prices on Amazon.in.,None,None,None,18:03:2014,None
B007W9ZRCI,B. United Jeans By United Colors Of Benetton For Women - 3.3 Oz Edt Spray,http://www.amazon.in/Fragrances/b/ref=sd_allcat_beauty_fragrance/276-6718833-1247838?ie=UTF8&node=1374298031,Rs. 1 800.00,Fragranc,Eau de Toilette,Benetton,http://ecx.images-amazon.com/images/I/41tRwmNX%2B5L._AA160_.jpg,Rs. 1 800.00,B. United Jeans By United Colors Of Benetton For Women - 3.3 Oz Edt Spray,Beauty & Health,http://www.amazon.in/United-Jeans-Colors-Benetton-Women/dp/B007W9ZRCI/ref=sr_1_13/278-5111767-9472601?s=beauty&ie=UTF8&qid=1395126994&sr=1-13,[<a class="buyAction" href="/gp/offer-listing/B007W9ZRCI/ref=dp_olp_0/278-5111767-9472601?ie=UTF8&amp;condition=all">these sellers</a>],Amazon.in: Buy B. United Jeans By United Colors Of Benetton For Women - 3.3 Oz Edt Spray Online at Best Price in India | Amazon Beauty Store,Buy B. United Jeans By United Colors Of Benetton For Women - 3.3 Oz Edt Spray at lowest price in India on Amazon.in. Check out B. United Jeans By United Colors Of Benetton For Women - 3.3 Oz Edt Spray reviews  ratings  features  specifications and browse more Beauty products online at best prices on Amazon.in.,None,None,None,18:03:2014,None
B000GHVLAK,Benetton B United Eau De Toilette Spray for Men  100ml,http://www.amazon.in/Fragrances/b/ref=sd_allcat_beauty_fragrance/276-6718833-1247838?ie=UTF8&node=1374298031,None,Fragranc,Eau de Toilette,Benetton,http://ecx.images-amazon.com/images/I/41tRwmNX%2B5L._AA160_.jpg,None,self Colour,Beauty & Health,http://www.amazon.in/Benetton-United-Toilette-Spray-100ml/dp/B000GHVLAK/ref=sr_1_14/278-5111767-9472601?s=beauty&ie=UTF8&qid=1395126994&sr=1-14,[<a href="/gp/help/seller/at-a-glance.html/278-5111767-9472601?ie=UTF8&amp;seller=A29ZFTNVZHDXBZ">Route2Fashion</a>],Amazon.in: Buy Benetton B United Eau De Toilette Spray for Men  100ml Online at Best Price in India | Amazon Beauty Store,Buy Benetton B United Eau De Toilette Spray for Men  100ml at lowest price in India on Amazon.in. Check out Benetton B United Eau De Toilette Spray for Men  100ml reviews  ratings  features  specifications and browse more Beauty products online at best prices on Amazon.in.,None,<div class="bucket" id="productDescription"> <h2>Product Description</h2> <div class="content"> <h3 class="productDescriptionSource"></h3> <div class="productDescriptionWrapper">        Launched by the design house of Benetton. When applying any fragrance please consider that there are several factors which can affect the natural smell of your skin and  in turn  the way a scent smells on you.  For instance  your mood  stress level  age  body chemistry  diet and current medications may all alter the scents you wear. Similarly  factor such as dry or oily skin can even affect the amount of time a fragrance will last after being applied.              <div class="emptyClear"> </div> </div> </div> </div>,None,18:03:2014,None
B000XEDGLS,Benetton Colors Eau De Toilette  100ml,http://www.amazon.in/Fragrances/b/ref=sd_allcat_beauty_fragrance/276-6718833-1247838?ie=UTF8&node=1374298031,None,Fragranc,Eau de Toilette,Benetton,http://ecx.images-amazon.com/images/I/41tRwmNX%2B5L._AA160_.jpg,None,Benetton Colors Eau De Toilette  100ml,Beauty & Health,http://www.amazon.in/Benetton-Colors-Eau-Toilette-100ml/dp/B000XEDGLS/ref=sr_1_12/278-5111767-9472601?s=beauty&ie=UTF8&qid=1395126994&sr=1-12,[<a href="/gp/help/seller/at-a-glance.html/278-5111767-9472601?ie=UTF8&amp;seller=A29ZFTNVZHDXBZ">Route2Fashion</a>],Amazon.in: Buy Benetton Colors Eau De Toilette  100ml Online at Best Price in India | Amazon Beauty Store,Buy Benetton Colors Eau De Toilette  100ml at lowest price in India on Amazon.in. Check out Benetton Colors Eau De Toilette  100ml reviews  ratings  features  specifications and browse more Beauty products online at best prices on Amazon.in.,None,<div class="bucket" id="productDescription"> <h2>Product Description</h2> <div class="content"> <h3 class="productDescriptionSource"></h3> <div class="productDescriptionWrapper">        Launched by the design house of Benetton in 1987 COLORS PERFUME is classified as a refreshing oriental floral fragrance. This feminine scent possesses a blend of orange blossoms marigold and vanilla. It is recommended for daytime wear.Features1) Packaging for this product may vary from that shown in the image above2) This item is not for sale in Catalina Island              <div class="emptyClear"> </div> </div> </div> </div>,None,18:03:2014,None
B0084YDGKU,Benetton Benetton Sport Men 100ML EDT,http://www.amazon.in/Fragrances/b/ref=sd_allcat_beauty_fragrance/276-6718833-1247838?ie=UTF8&node=1374298031,None,Fragranc,Eau de Toilette,Benetton,http://ecx.images-amazon.com/images/I/41tRwmNX%2B5L._AA160_.jpg,None,self Colour,Beauty & Health,http://www.amazon.in/Benetton-Sport-Men-100ML-EDT/dp/B0084YDGKU/ref=sr_1_16/278-5111767-9472601?s=beauty&ie=UTF8&qid=1395126994&sr=1-16,[<a href="/gp/help/seller/at-a-glance.html/278-5111767-9472601?ie=UTF8&amp;seller=A29ZFTNVZHDXBZ">Route2Fashion</a>],Amazon.in: Buy Benetton Benetton Sport Men 100ML EDT Online at Best Price in India | Amazon Beauty Store,Buy Benetton Benetton Sport Men 100ML EDT at lowest price in India on Amazon.in. Check out Benetton Benetton Sport Men 100ML EDT reviews  ratings  features  specifications and browse more Beauty products online at best prices on Amazon.in.,None,None,None,18:03:2014,None
B001KBYDAG,Benetton Color women 100Ml,http://www.amazon.in/Fragrances/b/ref=sd_allcat_beauty_fragrance/276-6718833-1247838?ie=UTF8&node=1374298031,None,Fragranc,Eau de Toilette,Benetton,http://ecx.images-amazon.com/images/I/41tRwmNX%2B5L._AA160_.jpg,None,Benetton Color women 100Ml,Beauty & Health,http://www.amazon.in/Benetton-Color-women-100Ml/dp/B001KBYDAG/ref=sr_1_20/278-5111767-9472601?s=beauty&ie=UTF8&qid=1395126994&sr=1-20,[<a href="/gp/help/seller/at-a-glance.html/278-5111767-9472601?ie=UTF8&amp;seller=A2NFQIUV2YGOLG">Fragume</a>],Amazon.in: Buy Benetton Color women 100Ml Online at Best Price in India | Amazon Beauty Store,Buy Benetton Color women 100Ml at lowest price in India on Amazon.in. Check out Benetton Color women 100Ml reviews  ratings  features  specifications and browse more Beauty products online at best prices on Amazon.in.,None,<div class="bucket" id="productDescription"> <h2>Product Description</h2> <div class="content"> <h3 class="productDescriptionSource"></h3> <div class="productDescriptionWrapper">        This light scent is a fragrant blend of citrus with rosewood  iris  lily of the valley and jasmine on base notes such as sandalwood  cedarwood and musk. Launched by the design house of Benetton in 1987  COLORS isclassified as a refreshing  oriental  floral fragrance. This feminine scent possesses a blend of orange blossoms marigold  and vanilla. It is recommended for daytime wear. Top Notes: egyptian sage  neroli  french hyacinth andisraeli basil. Heart Notes: passion fruit  tuberose  pineapple  peach jasmine and bulgarian rose. Base Notes: civet  opoponax  chinese patchouli  cedar madagascar vanilla and oakmoss.              <div class="emptyClear"> </div> </div> </div> </div>,None,18:03:2014,None
B00AMLI8JC,Benetton Hot Eau De Toilette Spray  97.59ml,http://www.amazon.in/Fragrances/b/ref=sd_allcat_beauty_fragrance/276-6718833-1247838?ie=UTF8&node=1374298031,None,Fragranc,Eau de Toilette,Benetton,http://ecx.images-amazon.com/images/I/41tRwmNX%2B5L._AA160_.jpg,None,self Colour,Beauty & Health,http://www.amazon.in/Benetton-Hot-Toilette-Spray-97-59ml/dp/B00AMLI8JC/ref=sr_1_25/278-5111767-9472601?s=beauty&ie=UTF8&qid=1395126997&sr=1-25,[<a href="/gp/help/seller/at-a-glance.html/278-5111767-9472601?ie=UTF8&amp;seller=ADJ7WREVGU39P">Zephyr Online</a>],Amazon.in: Buy Benetton Hot Eau De Toilette Spray  97.59ml Online at Best Price in India | Amazon Beauty Store,Buy Benetton Hot Eau De Toilette Spray  97.59ml at lowest price in India on Amazon.in. Check out Benetton Hot Eau De Toilette Spray  97.59ml reviews  ratings  features  specifications and browse more Beauty products online at best prices on Amazon.in.,None,<div class="bucket" id="productDescription"> <h2>Product Description</h2> <div class="content"> <h3 class="productDescriptionSource"></h3> <div class="productDescriptionWrapper">        Design House: Benetton  Year Introduced: 1997  Recommended Use: Daytime  Recommended Use: Daytime              <div class="emptyClear"> </div> </div> </div> </div>,None,18:03:2014,None
B005O3277W,Benetton Funtastic Girl Perfume  100ml,http://www.amazon.in/Fragrances/b/ref=sd_allcat_beauty_fragrance/276-6718833-1247838?ie=UTF8&node=1374298031,Rs. 1 073.61,Fragranc,Eau de Toilette,Benetton,http://ecx.images-amazon.com/images/I/41tRwmNX%2B5L._AA160_.jpg,Rs. 1 073.61,self Colour,Beauty & Health,http://www.amazon.in/Benetton-Funtastic-Girl-Perfume-100ml/dp/B005O3277W/ref=sr_1_23/278-5111767-9472601?s=beauty&ie=UTF8&qid=1395126994&sr=1-23,[<a class="buyAction" href="/gp/offer-listing/B005O3277W/ref=dp_olp_0/278-5111767-9472601?ie=UTF8&amp;condition=all">these sellers</a>],Amazon.in: Buy Benetton Funtastic Girl Perfume  100ml Online at Best Price in India | Amazon Beauty Store,Buy Benetton Funtastic Girl Perfume  100ml at lowest price in India on Amazon.in. Check out Benetton Funtastic Girl Perfume  100ml reviews  ratings  features  specifications and browse more Beauty products online at best prices on Amazon.in.,None,<div class="bucket" id="productDescription"> <h2>Product Description</h2> <div class="content"> <h3 class="productDescriptionSource"></h3> <div class="productDescriptionWrapper">        Launched By The Design House Of Benetton In 2000  Funtastic Girl Is Classified As A Refreshing  Flowery Fragrance. This Feminine Scent Possesses A Blend Of A Youthful Bouquet Of Fresh Flowers. It Is Recommended For Casual Wear. 100% Original Benett              <div class="emptyClear"> </div> </div> </div> </div>,None,18:03:2014,None
B000GHVL7I,Benetton Paradiso Blue EDT 3.4 Ounce,http://www.amazon.in/Fragrances/b/ref=sd_allcat_beauty_fragrance/276-6718833-1247838?ie=UTF8&node=1374298031,None,Fragranc,Eau de Toilette,Benetton,http://ecx.images-amazon.com/images/I/41tRwmNX%2B5L._AA160_.jpg,None,self Colour,Beauty & Health,http://www.amazon.in/Benetton-Paradiso-Blue-EDT-Ounce/dp/B000GHVL7I/ref=sr_1_28/278-5111767-9472601?s=beauty&ie=UTF8&qid=1395126997&sr=1-28,[<a href="/gp/help/seller/at-a-glance.html/278-5111767-9472601?ie=UTF8&amp;seller=A29ZFTNVZHDXBZ">Route2Fashion</a>],Amazon.in: Buy Benetton Paradiso Blue EDT 3.4 Ounce Online at Best Price in India | Amazon Beauty Store,Buy Benetton Paradiso Blue EDT 3.4 Ounce at lowest price in India on Amazon.in. Check out Benetton Paradiso Blue EDT 3.4 Ounce reviews  ratings  features  specifications and browse more Beauty products online at best prices on Amazon.in.,None,<div class="bucket" id="productDescription"> <h2>Product Description</h2> <div class="content"> <h3 class="productDescriptionSource"></h3> <div class="productDescriptionWrapper">        Launched by the design house of Benetton.When applying any fragrance please consider that there are several factors which can affect the natural smell of your skin and in turn the way a scent smells on you. For instance your mood stress level age body chemistry diet and current medications may all alter the scents you wear. Similarly factor such as dry or oily skin can even affect the amount of time a fragrance will last after being appliedFeatures1) Packaging for this product may vary from that shown in the image above2) This item is not for sale in Catalina Island              <div class="emptyClear"> </div> </div> </div> </div>,None,18:03:2014,None
B0012RV3YM,Benetton Pure Sport Eau De Toilette Spray for Women  100ml,http://www.amazon.in/Fragrances/b/ref=sd_allcat_beauty_fragrance/276-6718833-1247838?ie=UTF8&node=1374298031,Rs. 750.00,Fragranc,Eau de Toilette,Benetton,http://ecx.images-amazon.com/images/I/41tRwmNX%2B5L._AA160_.jpg,Rs. 750.00,self Colour,Beauty & Health,http://www.amazon.in/Benetton-Sport-Toilette-Spray-Women/dp/B0012RV3YM/ref=sr_1_29/278-5111767-9472601?s=beauty&ie=UTF8&qid=1395126997&sr=1-29,[<a class="buyAction" href="/gp/offer-listing/B0012RV3YM/ref=dp_olp_0/278-5111767-9472601?ie=UTF8&amp;condition=all">these sellers</a>],Amazon.in: Buy Benetton Pure Sport Eau De Toilette Spray for Women  100ml Online at Best Price in India | Amazon Beauty Store,Buy Benetton Pure Sport Eau De Toilette Spray for Women  100ml at lowest price in India on Amazon.in. Check out Benetton Pure Sport Eau De Toilette Spray for Women  100ml reviews  ratings  features  specifications and browse more Beauty products online at best prices on Amazon.in.,None,<div class="bucket" id="productDescription"> <h2>Product Description</h2> <div class="content"> <h3 class="productDescriptionSource"></h3> <div class="productDescriptionWrapper">        Launched by the design house of Benetton. When applying any fragrance please consider that there are several factors which can affect the natural smell of your skin and  in turn  the way a scent smells on you. For instance  your mood  stress level  age  body chemistry  diet and current medications may all alter the scents you wear. Similarly  factor such as dry or oily skin can even affect the amount of time a fragrance will last after being applied              <div class="emptyClear"> </div> </div> </div> </div>,None,18:03:2014,None
B005G2C5HS,Benetton Verde Man Benetton for men 100ml,http://www.amazon.in/Fragrances/b/ref=sd_allcat_beauty_fragrance/276-6718833-1247838?ie=UTF8&node=1374298031,None,Fragranc,Eau de Toilette,Benetton,http://ecx.images-amazon.com/images/I/41tRwmNX%2B5L._AA160_.jpg,None,self Colour,Beauty & Health,http://www.amazon.in/Benetton-Verde-Man-men-100ml/dp/B005G2C5HS/ref=sr_1_31/278-5111767-9472601?s=beauty&ie=UTF8&qid=1395126997&sr=1-31,[<a href="/gp/help/seller/at-a-glance.html/278-5111767-9472601?ie=UTF8&amp;seller=A29ZFTNVZHDXBZ">Route2Fashion</a>],Amazon.in: Buy Benetton Verde Man Benetton for men 100ml Online at Best Price in India | Amazon Beauty Store,Buy Benetton Verde Man Benetton for men 100ml at lowest price in India on Amazon.in. Check out Benetton Verde Man Benetton for men 100ml reviews  ratings  features  specifications and browse more Beauty products online at best prices on Amazon.in.,None,<div class="bucket" id="productDescription"> <h2>Product Description</h2> <div class="content"> <h3 class="productDescriptionSource"></h3> <div class="productDescriptionWrapper">        A clean pure fragrance for gentlemen Embodies a calm yet powerful influence Sparkling refreshing sensual Features notes of grapefruit cardamom melon violet leaf geranium Blended with notes of nutmeg cedar gaiac benzoin              <div class="emptyClear"> </div> </div> </div> </div>,None,18:03:2014,None
B00B9FR60M,Benetton Let's Love Eau de Toilette Spray for Women 3.4 Ounce,http://www.amazon.in/Fragrances/b/ref=sd_allcat_beauty_fragrance/276-6718833-1247838?ie=UTF8&node=1374298031,None,Fragranc,Eau de Toilette,Benetton,http://ecx.images-amazon.com/images/I/41tRwmNX%2B5L._AA160_.jpg,None,self Colour,Beauty & Health,http://www.amazon.in/Benetton-Toilette-Spray-Women-Ounce/dp/B00B9FR60M/ref=sr_1_27/278-5111767-9472601?s=beauty&ie=UTF8&qid=1395126997&sr=1-27,[<a href="/gp/help/seller/at-a-glance.html/278-5111767-9472601?ie=UTF8&amp;seller=A29ZFTNVZHDXBZ">Route2Fashion</a>],Amazon.in: Buy Benetton Let's Love Eau de Toilette Spray for Women 3.4 Ounce Online at Best Price in India | Amazon Beauty Store,Buy Benetton Let's Love Eau de Toilette Spray for Women 3.4 Ounce at lowest price in India on Amazon.in. Check out Benetton Let's Love Eau de Toilette Spray for Women 3.4 Ounce reviews  ratings  features  specifications and browse more Beauty products online at best prices on Amazon.in.,None,None,None,18:03:2014,None
B00152T5LM,Inferno Paradiso Bleu By United Colors Of Benetton For Men. Eau De Toilettte Spray 3.3-Ounce Bottle,http://www.amazon.in/Fragrances/b/ref=sd_allcat_beauty_fragrance/276-6718833-1247838?ie=UTF8&node=1374298031,None,Fragranc,Eau de Toilette,Benetton,http://ecx.images-amazon.com/images/I/41tRwmNX%2B5L._AA160_.jpg,None,Inferno Paradiso Bleu By United Colors Of Benetton For Men. Eau De Toilettte Spray 3.3-Ounce Bottle,Beauty & Health,http://www.amazon.in/Inferno-Paradiso-Benetton-Toilettte-3-3-Ounce/dp/B00152T5LM/ref=sr_1_34/278-5111767-9472601?s=beauty&ie=UTF8&qid=1395126997&sr=1-34,[<a href="/gp/help/seller/at-a-glance.html/278-5111767-9472601?ie=UTF8&amp;seller=A29ZFTNVZHDXBZ">Route2Fashion</a>],Amazon.in: Buy Inferno Paradiso Bleu By United Colors Of Benetton For Men. Eau De Toilettte Spray 3.3-Ounce Bottle Online at Best Price in India | Amazon Beauty Store,Buy Inferno Paradiso Bleu By United Colors Of Benetton For Men. Eau De Toilettte Spray 3.3-Ounce Bottle at lowest price in India on Amazon.in. Check out Inferno Paradiso Bleu By United Colors Of Benetton For Men. Eau De Toilettte Spray 3.3-Ounce Bottle reviews  ratings  features  specifications and browse more Beauty products online at best prices on Amazon.in.,None,<div class="bucket" id="productDescription"> <h2>Product Description</h2> <div class="content"> <h3 class="productDescriptionSource"></h3> <div class="productDescriptionWrapper">        "Inferno Paradiso Blue by Benetton Eau De Toilette Spray 3.4 oz for Men"              <div class="emptyClear"> </div> </div> </div> </div>,None,18:03:2014,None
B000NNJNKC,Cold By Benetton Edt Spray 97.59 ml,http://www.amazon.in/Fragrances/b/ref=sd_allcat_beauty_fragrance/276-6718833-1247838?ie=UTF8&node=1374298031,None,Fragranc,Eau de Toilette,Benetton,http://ecx.images-amazon.com/images/I/41tRwmNX%2B5L._AA160_.jpg,None,self Colour,Beauty & Health,http://www.amazon.in/Cold-Benetton-Edt-Spray-97-59/dp/B000NNJNKC/ref=sr_1_32/278-5111767-9472601?s=beauty&ie=UTF8&qid=1395126997&sr=1-32,[<a href="/gp/help/seller/at-a-glance.html/278-5111767-9472601?ie=UTF8&amp;seller=ADJ7WREVGU39P">Zephyr Online</a>],Amazon.in: Buy Cold By Benetton Edt Spray 97.59 ml Online at Best Price in India | Amazon Beauty Store,Buy Cold By Benetton Edt Spray 97.59 ml at lowest price in India on Amazon.in. Check out Cold By Benetton Edt Spray 97.59 ml reviews  ratings  features  specifications and browse more Beauty products online at best prices on Amazon.in.,None,<div class="bucket" id="productDescription"> <h2>Product Description</h2> <div class="content"> <h3 class="productDescriptionSource"></h3> <div class="productDescriptionWrapper">        Design House: Benetton  Year Introduced: 1997  Recommended Use: Romantic  Recommended Use: Romantic              <div class="emptyClear"> </div> </div> </div> </div>,None,18:03:2014,None
B0098BW0BO,Benetton Inferno Paradiso Pink By Benetton Eau De Toilette Spray 3.4 Oz for Women,http://www.amazon.in/Fragrances/b/ref=sd_allcat_beauty_fragrance/276-6718833-1247838?ie=UTF8&node=1374298031,Rs. 1 450.00,Fragranc,Eau de Toilette,Benetton,http://ecx.images-amazon.com/images/I/41tRwmNX%2B5L._AA160_.jpg,Rs. 1 450.00,self Colour,Beauty & Health,http://www.amazon.in/Benetton-Inferno-Paradiso-Toilette-Spray/dp/B0098BW0BO/ref=sr_1_26/278-5111767-9472601?s=beauty&ie=UTF8&qid=1395126997&sr=1-26,[<a class="buyAction" href="/gp/offer-listing/B0098BW0BO/ref=dp_olp_0/278-5111767-9472601?ie=UTF8&amp;condition=all">these sellers</a>],Amazon.in: Buy Benetton Inferno Paradiso Pink By Benetton Eau De Toilette Spray 3.4 Oz for Women Online at Best Price in India | Amazon Beauty Store,Buy Benetton Inferno Paradiso Pink By Benetton Eau De Toilette Spray 3.4 Oz for Women at lowest price in India on Amazon.in. Check out Benetton Inferno Paradiso Pink By Benetton Eau De Toilette Spray 3.4 Oz for Women reviews  ratings  features  specifications and browse more Beauty products online at best prices on Amazon.in.,None,None,None,18:03:2014,None
B001FWXFZE,Benetton Cold Benetton for women and men 100ml,http://www.amazon.in/Fragrances/b/ref=sd_allcat_beauty_fragrance/276-6718833-1247838?ie=UTF8&node=1374298031,None,Fragranc,Eau de Toilette,Benetton,http://ecx.images-amazon.com/images/I/41tRwmNX%2B5L._AA160_.jpg,None,self Colour,Beauty & Health,http://www.amazon.in/Benetton-Cold-women-men-100ml/dp/B001FWXFZE/ref=sr_1_19/278-5111767-9472601?s=beauty&ie=UTF8&qid=1395126994&sr=1-19,[<a href="/gp/help/seller/at-a-glance.html/278-5111767-9472601?ie=UTF8&amp;seller=A2NFQIUV2YGOLG">Fragume</a>],Amazon.in: Buy Benetton Cold Benetton for women and men 100ml Online at Best Price in India | Amazon Beauty Store,Buy Benetton Cold Benetton for women and men 100ml at lowest price in India on Amazon.in. Check out Benetton Cold Benetton for women and men 100ml reviews  ratings  features  specifications and browse more Beauty products online at best prices on Amazon.in.,None,<div class="bucket" id="productDescription"> <h2>Product Description</h2> <div class="content"> <h3 class="productDescriptionSource"></h3> <div class="productDescriptionWrapper">        Benetton Cold Benetton for women and men.Benetton Cold by Benetton is a Citrus Aromatic fragrance for women and men. Benetton Cold was launched in 1997. Top notes are bergamot  aldehydes and caraway; middle notes are coriander  lavender and geranium; base notes are patchouli  vetiver and white musk.              <div class="emptyClear"> </div> </div> </div> </div>,None,18:03:2014,None
